[
    { "id": "cons_stall_tiny", "name": "Tiny Farm Stall", "duration": 2500, "cost": 250, "valueMultiplier": 0.1, 
        "consumedId": [
            "res_acorn",        "res_appleGreen",         "res_appleRed",
            "res_appleYellow",        "res_aubergine",        "res_avocado",
            "res_banana",         "res_beet",         "res_beetGolden",
            "res_blueberries",        "res_broccoli",        "res_cabbageGreen",
            "res_cabbageRed",        "res_canteloupe",        "res_carrot",
            "res_cauliflower",        "res_celery",        "res_cherry",
            "res_chiliPepper",        "res_coconut",        "res_corn",
            "res_cranberries",        "res_crookneck",        "res_cucumber",
            "res_garlic",         "res_ginger",        "res_grapefruit", 
            "res_grapesGreen",         "res_grapesPurple",         "res_grapesRed", 
            "res_grapesWhite",         "res_honeydew",         "res_jalapeno",
            "res_kale",        "res_lemon",        "res_lettuce",
            "res_lime",        "res_mango",        "res_mushroomPoison",
            "res_mushroomRed",        "res_mushroomWhite",        "res_onionGreen",
            "res_onionRed",        "res_onionWhite",        "res_orange", 
            "res_peach",         "res_pear",         "res_peas",
            "res_pepperGreen",        "res_pepperOrange",         "res_pepperRed",
            "res_pepperYellow",         "res_potato",        "res_pumpkin",
            "res_radish",         "res_raspberries",         "res_rutabaga",
            "res_shallot",        "res_spinach",        "res_squash",
            "res_strawberries",         "res_tomato",        "res_turmeric",
            "res_turnip",        "res_watermelon",        "res_wheat",
            "res_wildBerries",         "res_wildHerb",        "res_yam",
            "res_zucchini"
        ]
    },
    { "id": "cons_stall_small", "name": "Small Farm Stall", "duration": 3000, "cost": 500, "valueMultiplier": 0.2, 
        "consumedId": [
            "res_acorn",        "res_appleGreen",         "res_appleRed",
            "res_appleYellow",        "res_aubergine",        "res_avocado",
            "res_banana",         "res_beet",         "res_beetGolden",
            "res_blueberries",        "res_broccoli",        "res_cabbageGreen",
            "res_cabbageRed",        "res_canteloupe",        "res_carrot",
            "res_cauliflower",        "res_celery",        "res_cherry",
            "res_chiliPepper",        "res_coconut",        "res_corn",
            "res_cranberries",        "res_crookneck",        "res_cucumber",
            "res_garlic",         "res_ginger",        "res_grapefruit", 
            "res_grapesGreen",         "res_grapesPurple",         "res_grapesRed", 
            "res_grapesWhite",         "res_honeydew",         "res_jalapeno",
            "res_kale",        "res_lemon",        "res_lettuce",
            "res_lime",        "res_mango",        "res_mushroomPoison",
            "res_mushroomRed",        "res_mushroomWhite",        "res_onionGreen",
            "res_onionRed",        "res_onionWhite",        "res_orange", 
            "res_peach",         "res_pear",         "res_peas",
            "res_pepperGreen",        "res_pepperOrange",         "res_pepperRed",
            "res_pepperYellow",         "res_potato",        "res_pumpkin",
            "res_radish",         "res_raspberries",         "res_rutabaga",
            "res_shallot",        "res_spinach",        "res_squash",
            "res_strawberries",         "res_tomato",        "res_turmeric",
            "res_turnip",        "res_watermelon",        "res_wheat",
            "res_wildBerries",         "res_wildHerb",        "res_yam",
            "res_zucchini"
        ] 
    },
    { "id": "cons_stall_med", "name": "Medium Farm Stall", "duration": 3500, "cost": 1000, "valueMultiplier": 0.3, 
        "consumedId": [
            "res_acorn",        "res_appleGreen",         "res_appleRed",
            "res_appleYellow",        "res_aubergine",        "res_avocado",
            "res_banana",         "res_beet",         "res_beetGolden",
            "res_blueberries",        "res_broccoli",        "res_cabbageGreen",
            "res_cabbageRed",        "res_canteloupe",        "res_carrot",
            "res_cauliflower",        "res_celery",        "res_cherry",
            "res_chiliPepper",        "res_coconut",        "res_corn",
            "res_cranberries",        "res_crookneck",        "res_cucumber",
            "res_garlic",         "res_ginger",        "res_grapefruit", 
            "res_grapesGreen",         "res_grapesPurple",         "res_grapesRed", 
            "res_grapesWhite",         "res_honeydew",         "res_jalapeno",
            "res_kale",        "res_lemon",        "res_lettuce",
            "res_lime",        "res_mango",        "res_mushroomPoison",
            "res_mushroomRed",        "res_mushroomWhite",        "res_onionGreen",
            "res_onionRed",        "res_onionWhite",        "res_orange", 
            "res_peach",         "res_pear",         "res_peas",
            "res_pepperGreen",        "res_pepperOrange",         "res_pepperRed",
            "res_pepperYellow",         "res_potato",        "res_pumpkin",
            "res_radish",         "res_raspberries",         "res_rutabaga",
            "res_shallot",        "res_spinach",        "res_squash",
            "res_strawberries",         "res_tomato",        "res_turmeric",
            "res_turnip",        "res_watermelon",        "res_wheat",
            "res_wildBerries",         "res_wildHerb",        "res_yam",
            "res_zucchini"
        ] 
    },
    { "id": "cons_stall_large", "name": "Large Farm Stall", "duration": 4000, "cost": 2000, "valueMultiplier": 0.4, 
        "consumedId": [
            "res_acorn",        "res_appleGreen",         "res_appleRed",
            "res_appleYellow",        "res_aubergine",        "res_avocado",
            "res_banana",         "res_beet",         "res_beetGolden",
            "res_blueberries",        "res_broccoli",        "res_cabbageGreen",
            "res_cabbageRed",        "res_canteloupe",        "res_carrot",
            "res_cauliflower",        "res_celery",        "res_cherry",
            "res_chiliPepper",        "res_coconut",        "res_corn",
            "res_cranberries",        "res_crookneck",        "res_cucumber",
            "res_garlic",         "res_ginger",        "res_grapefruit", 
            "res_grapesGreen",         "res_grapesPurple",         "res_grapesRed", 
            "res_grapesWhite",         "res_honeydew",         "res_jalapeno",
            "res_kale",        "res_lemon",        "res_lettuce",
            "res_lime",        "res_mango",        "res_mushroomPoison",
            "res_mushroomRed",        "res_mushroomWhite",        "res_onionGreen",
            "res_onionRed",        "res_onionWhite",        "res_orange", 
            "res_peach",         "res_pear",         "res_peas",
            "res_pepperGreen",        "res_pepperOrange",         "res_pepperRed",
            "res_pepperYellow",         "res_potato",        "res_pumpkin",
            "res_radish",         "res_raspberries",         "res_rutabaga",
            "res_shallot",        "res_spinach",        "res_squash",
            "res_strawberries",         "res_tomato",        "res_turmeric",
            "res_turnip",        "res_watermelon",        "res_wheat",
            "res_wildBerries",         "res_wildHerb",        "res_yam",
            "res_zucchini"
        ] 
    }
]