[
    { "id": "prod_acorn", "seedId": "seed_acorn", "producedId": "res_acorn", "duration": 180000, "name":"Acorn Plant", "icon": "Resources/RawProducts/Acorn.png"},
    { "id": "prod_appleGreen", "seedId": "seed_appleGreen", "producedId": "res_appleGreen", "duration": 180000, "name":"Apple Plant", "icon": "Resources/RawProducts/AppleGreen.png"},
    { "id": "prod_appleRed", "seedId": "seed_appleRed", "producedId": "res_appleRed", "duration": 180000, "name":"Apple Plant", "icon": "Resources/RawProducts/AppleRed.png"},
    { "id": "prod_appleYellow", "seedId": "seed_appleYellow", "producedId": "res_appleYellow", "duration": 180000, "name":"Apple Plant", "icon": "Resources/RawProducts/AppleYellow.png"},
    { "id": "prod_aubergine", "seedId": "seed_aubergine", "producedId": "res_aubergine", "duration": 180000, "name":"Aubergine Plant", "icon": "Resources/RawProducts/Aubergine.png"},
    { "id": "prod_avocado", "seedId": "seed_avocado", "producedId": "res_avocado", "duration": 180000, "name":"Avocado Plant", "icon": "Resources/RawProducts/Avocado.png"},
    { "id": "prod_banana", "seedId": "seed_banana", "producedId": "res_banana", "duration": 180000, "name":"Banana Plant", "icon": "Resources/RawProducts/Banana.png"},
    { "id": "prod_beet", "seedId": "seed_beet", "producedId": "res_beet", "duration": 180000, "name":"Beet Plant", "icon": "Resources/RawProducts/Beet.png"},
    { "id": "prod_beetGolden", "seedId": "seed_beetGolden", "producedId": "res_beetGolden", "duration": 180000, "name":"Beet Plant", "icon": "Resources/RawProducts/BeetGolden.png"},
    { "id": "prod_blueberries", "seedId": "seed_blueberries", "producedId": "res_blueberries", "duration": 180000, "name":"Blueberry Plant", "icon": "Resources/RawProducts/Blueberries.png"},
    { "id": "prod_broccoli", "seedId": "seed_broccoli", "producedId": "res_broccoli", "duration": 180000, "name":"Broccoli Plant", "icon": "Resources/RawProducts/Broccoli.png"},
    { "id": "prod_cabbageGreen", "seedId": "seed_cabbageGreen", "producedId": "res_cabbageGreen", "duration": 180000, "name":"Cabbage Plant", "icon": "Resources/RawProducts/CabbageGreen.png"},
    { "id": "prod_cabbageRed", "seedId": "seed_cabbageRed", "producedId": "res_cabbageRed", "duration": 180000, "name":"Cabbage Plant", "icon": "Resources/RawProducts/CabbageRed.png"},
    { "id": "prod_canteloupe", "seedId": "seed_canteloupe", "producedId": "res_canteloupe", "duration": 180000, "name":"Canteloupe Plant", "icon": "Resources/RawProducts/Canteloupe.png"},
    { "id": "prod_carrot", "seedId": "seed_carrot", "producedId": "res_carrot", "duration": 180000, "name":"Carrot Plant", "icon": "Resources/RawProducts/Carrot.png"},
    { "id": "prod_cauliflower", "seedId": "seed_cauliflower", "producedId": "res_cauliflower", "duration": 180000, "name":"Cauliflower Plant", "icon": "Resources/RawProducts/Cauliflower.png"},
    { "id": "prod_celery", "seedId": "seed_celery", "producedId": "res_celery", "duration": 180000, "name":"Celery Plant", "icon": "Resources/RawProducts/Celery.png"},
    { "id": "prod_cherry", "seedId": "seed_cherry", "producedId": "res_cherry", "duration": 180000, "name":"Cherry Plant", "icon": "Resources/RawProducts/Cherry.png"},
    { "id": "prod_chiliPepper", "seedId": "seed_chiliPepper", "producedId": "res_chiliPepper", "duration": 180000, "name":"Chili Pepper Plant", "icon": "Resources/RawProducts/ChiliPepper.png"},
    { "id": "prod_coconut", "seedId": "seed_coconut", "producedId": "res_coconut", "duration": 180000, "name":"Coconut Plant", "icon": "Resources/RawProducts/Coconut.png"},
    { "id": "prod_corn", "seedId": "seed_corn", "producedId": "res_corn", "duration": 180000, "name":"Corn Plant", "icon": "Resources/RawProducts/Corn.png"},
    { "id": "prod_cranberries", "seedId": "seed_cranberries", "producedId": "res_cranberries", "duration": 180000, "name":"Cranberry Plant", "icon": "Resources/RawProducts/Cranberries.png"},
    { "id": "prod_crookneck", "seedId": "seed_crookneck", "producedId": "res_crookneck", "duration": 180000, "name":"Crookneck Plant", "icon": "Resources/RawProducts/Crookneck.png"},
    { "id": "prod_cucumber", "seedId": "seed_cucumber", "producedId": "res_cucumber", "duration": 180000, "name":"Cucumber Plant", "icon": "Resources/RawProducts/Cucumber.png"},
    { "id": "prod_garlic", "seedId": "seed_garlic", "producedId": "res_garlic", "duration": 180000, "name":"Garlic Plant", "icon": "Resources/RawProducts/Garlic.png"},
    { "id": "prod_ginger", "seedId": "seed_ginger", "producedId": "res_ginger", "duration": 180000, "name":"Ginger Plant", "icon": "Resources/RawProducts/Ginger.png"},
    { "id": "prod_grapefruit", "seedId": "seed_grapefruit", "producedId": "res_grapefruit", "duration": 180000, "name":"Grapefruit Plant", "icon": "Resources/RawProducts/Grapefruit.png"},
    { "id": "prod_grapesGreen", "seedId": "seed_grapesGreen", "producedId": "res_grapesGreen", "duration": 180000, "name":"Grape Plant", "icon": "Resources/RawProducts/GrapesGreen.png"},
    { "id": "prod_grapesPurple", "seedId": "seed_grapesPurple", "producedId": "res_grapesPurple", "duration": 180000, "name":"Grape Plant", "icon": "Resources/RawProducts/GrapesPurple.png"},
    { "id": "prod_grapesRed", "seedId": "seed_grapesRed", "producedId": "res_grapesRed", "duration": 180000, "name":"Grape Plant", "icon": "Resources/RawProducts/GrapesRed.png"},
    { "id": "prod_grapesWhite", "seedId": "seed_grapesWhite", "producedId": "res_grapesWhite", "duration": 180000, "name":"Grape Plant", "icon": "Resources/RawProducts/GrapesWhite.png"},
    { "id": "prod_honeydew", "seedId": "seed_honeydew", "producedId": "res_honeydew", "duration": 180000, "name":"Honeydew Plant", "icon": "Resources/RawProducts/Honeydew.png"},
    { "id": "prod_jalapeno", "seedId": "seed_jalapeno", "producedId": "res_jalapeno", "duration": 180000, "name":"Jalapeno Plant", "icon": "Resources/RawProducts/Jalapeno.png"},
    { "id": "prod_kale", "seedId": "seed_kale", "producedId": "res_kale", "duration": 180000, "name":"Kale Plant", "icon": "Resources/RawProducts/Kale.png"},
    { "id": "prod_lemon", "seedId": "seed_lemon", "producedId": "res_lemon", "duration": 180000, "name":"Lemon Plant", "icon": "Resources/RawProducts/Lemon.png"},
    { "id": "prod_lettuce", "seedId": "seed_lettuce", "producedId": "res_lettuce", "duration": 180000, "name":"Lettuce Plant", "icon": "Resources/RawProducts/Lettuce.png"},
    { "id": "prod_lime", "seedId": "seed_lime", "producedId": "res_lime", "duration": 180000, "name":"Lime Plant", "icon": "Resources/RawProducts/Lime.png"},
    { "id": "prod_mango", "seedId": "seed_mango", "producedId": "res_mango", "duration": 180000, "name":"Mango Plant", "icon": "Resources/RawProducts/Mango.png"},
    { "id": "prod_mushroomPoison", "seedId": "seed_mushroomPoison", "producedId": "res_mushroomPoison", "duration": 180000, "name":"Mushroom Plant", "icon": "Resources/RawProducts/MushroomPoison.png"},
    { "id": "prod_mushroomRed", "seedId": "seed_mushroomRed", "producedId": "res_mushroomRed", "duration": 180000, "name":"Mushroom Plant", "icon": "Resources/RawProducts/MushroomRed.png"},
    { "id": "prod_mushroomWhite", "seedId": "seed_mushroomWhite", "producedId": "res_mushroomWhite", "duration": 180000, "name":"Mushroom Plant", "icon": "Resources/RawProducts/MushroomWhite.png"},
    { "id": "prod_onionGreen", "seedId": "seed_onionGreen", "producedId": "res_onionGreen", "duration": 180000, "name":"Onion Plant", "icon": "Resources/RawProducts/OnionGreen.png"},
    { "id": "prod_onionRed", "seedId": "seed_onionRed", "producedId": "res_onionRed", "duration": 180000, "name":"Onion Plant", "icon": "Resources/RawProducts/OnionRed.png"},
    { "id": "prod_onionWhite", "seedId": "seed_onionWhite", "producedId": "res_onionWhite", "duration": 180000, "name":"Onion Plant", "icon": "Resources/RawProducts/OnionWhite.png"},
    { "id": "prod_orange", "seedId": "seed_orange", "producedId": "res_orange", "duration": 180000, "name":"Orange Plant", "icon": "Resources/RawProducts/Orange.png"},
    { "id": "prod_peach", "seedId": "seed_peach", "producedId": "res_peach", "duration": 180000, "name":"Peach Plant", "icon": "Resources/RawProducts/Peach.png"},
    { "id": "prod_pear", "seedId": "seed_pear", "producedId": "res_pear", "duration": 180000, "name":"Pear Plant", "icon": "Resources/RawProducts/Pear.png"},
    { "id": "prod_peas", "seedId": "seed_peas", "producedId": "res_peas", "duration": 180000, "name":"Peas Plant", "icon": "Resources/RawProducts/Peas.png"},
    { "id": "prod_pepperGreen", "seedId": "seed_pepperGreen", "producedId": "res_pepperGreen", "duration": 180000, "name":"Pepper Plant", "icon": "Resources/RawProducts/PepperGreen.png"},
    { "id": "prod_pepperOrange", "seedId": "seed_pepperOrange", "producedId": "res_pepperOrange", "duration": 180000, "name":"Pepper Plant", "icon": "Resources/RawProducts/PepperOrange.png"},
    { "id": "prod_pepperRed", "seedId": "seed_pepperRed", "producedId": "res_pepperRed", "duration": 180000, "name":"Pepper Plant", "icon": "Resources/RawProducts/PepperRed.png"},
    { "id": "prod_pepperYellow", "seedId": "seed_pepperYellow", "producedId": "res_pepperYellow", "duration": 180000, "name":"Pepper Plant", "icon": "Resources/RawProducts/PepperYellow.png"},
    { "id": "prod_potato", "seedId": "seed_potato", "producedId": "res_potato", "duration": 180000, "name":"Potato Plant", "icon": "Resources/RawProducts/Potato.png"},
    { "id": "prod_pumpkin", "seedId": "seed_pumpkin", "producedId": "res_pumpkin", "duration": 180000, "name":"Pumpkin Plant", "icon": "Resources/RawProducts/Pumpkin.png"},
    { "id": "prod_radish", "seedId": "seed_radish", "producedId": "res_radish", "duration": 180000, "name":"Radish Plant", "icon": "Resources/RawProducts/Radish.png"},
    { "id": "prod_raspberries", "seedId": "seed_raspberries", "producedId": "res_raspberries", "duration": 180000, "name":"Raspberry Plant", "icon": "Resources/RawProducts/Raspberries.png"},
    { "id": "prod_rutabaga", "seedId": "seed_rutabaga", "producedId": "res_rutabaga", "duration": 180000, "name":"Rutabaga Plant", "icon": "Resources/RawProducts/Rutabaga.png"},
    { "id": "prod_shallot", "seedId": "seed_shallot", "producedId": "res_shallot", "duration": 180000, "name":"Shallot Plant", "icon": "Resources/RawProducts/Shallot.png"},
    { "id": "prod_spinach", "seedId": "seed_spinach", "producedId": "res_spinach", "duration": 180000, "name":"Spinach Plant", "icon": "Resources/RawProducts/Spinach.png"},
    { "id": "prod_squash", "seedId": "seed_squash", "producedId": "res_squash", "duration": 180000, "name":"Squash Plant", "icon": "Resources/RawProducts/Squash.png"},
    { "id": "prod_strawberries", "seedId": "seed_strawberries", "producedId": "res_strawberries", "duration": 180000, "name":"Strawberry Plant", "icon": "Resources/RawProducts/Strawberries.png"},
    { "id": "prod_tomato", "seedId": "seed_tomato", "producedId": "res_tomato", "duration": 180000, "name":"Tomato Plant", "icon": "Resources/RawProducts/Tomato.png"},
    { "id": "prod_turmeric", "seedId": "seed_turmeric", "producedId": "res_turmeric", "duration": 180000, "name":"Turmeric Plant", "icon": "Resources/RawProducts/Turmeric.png"},
    { "id": "prod_turnip", "seedId": "seed_turnip", "producedId": "res_turnip", "duration": 180000, "name":"Turnip Plant", "icon": "Resources/RawProducts/Turnip.png"},
    { "id": "prod_watermelon", "seedId": "seed_watermelon", "producedId": "res_watermelon", "duration": 180000, "name":"Watermelon Plant", "icon": "Resources/RawProducts/Watermelon.png"},
    { "id": "prod_wheat", "seedId": "seed_wheat", "producedId": "res_wheat", "duration": 180000, "name":"Wheat Plant", "icon": "Resources/RawProducts/Wheat.png"},
    { "id": "prod_wildBerries", "seedId": "seed_wildBerries", "producedId": "res_wildBerries", "duration": 180000, "name":"Wildberry Plant", "icon": "Resources/RawProducts/WildBerries.png"},
    { "id": "prod_wildHerb", "seedId": "seed_wildHerb", "producedId": "res_wildHerb", "duration": 180000, "name":"Herb Plant", "icon": "Resources/RawProducts/WildHerb.png"},
    { "id": "prod_yam", "seedId": "seed_yam", "producedId": "res_yam", "duration": 180000, "name":"Yam Plant", "icon": "Resources/RawProducts/Yam.png"},
    { "id": "prod_zucchini", "seedId": "seed_zucchini", "producedId": "res_zucchini", "duration": 180000, "name":"Zucchini Plant", "icon": "Resources/RawProducts/Zucchini.png"}
]