[
    { "id": "res_acorn", "name":"Acorn", "price":1, "icon": "Resources/RawProducts/Acorn.png"},
    { "id": "res_appleGreen", "name":"Apple", "price":7, "icon": "Resources/RawProducts/AppleGreen.png"},
    { "id": "res_appleRed", "name":"Apple", "price":5, "icon": "Resources/RawProducts/AppleRed.png"},
    { "id": "res_appleYellow", "name":"Apple", "price":7, "icon": "Resources/RawProducts/AppleYellow.png"},
    { "id": "res_aubergine", "name":"Aubergine", "price":15, "icon": "Resources/RawProducts/Aubergine.png"},
    { "id": "res_avocado", "name":"Avocado", "price":40, "icon": "Resources/RawProducts/Avocado.png"},
    { "id": "res_banana", "name":"Banana", "price":3, "icon": "Resources/RawProducts/Banana.png"},
    { "id": "res_beet", "name":"Beet", "price":2, "icon": "Resources/RawProducts/Beet.png"},
    { "id": "res_beetGolden", "name":"Beet", "price":4, "icon": "Resources/RawProducts/BeetGolden.png"},
    { "id": "res_blueberries", "name":"Blueberry", "price":1, "icon": "Resources/RawProducts/Blueberries.png"},
    { "id": "res_broccoli", "name":"Broccoli", "price":3, "icon": "Resources/RawProducts/Broccoli.png"},
    { "id": "res_cabbageGreen", "name":"Cabbage", "price":4, "icon": "Resources/RawProducts/CabbageGreen.png"},
    { "id": "res_cabbageRed", "name":"Cabbage", "price":4, "icon": "Resources/RawProducts/CabbageRed.png"},
    { "id": "res_canteloupe", "name":"Canteloupe", "price":8, "icon": "Resources/RawProducts/Canteloupe.png"},
    { "id": "res_carrot", "name":"Carrot", "price":2, "icon": "Resources/RawProducts/Carrot.png"},
    { "id": "res_cauliflower", "name":"Cauliflower", "price":4, "icon": "Resources/RawProducts/Cauliflower.png"},
    { "id": "res_celery", "name":"Celery", "price":1, "icon": "Resources/RawProducts/Celery.png"},
    { "id": "res_cherry", "name":"Cherry", "price":3, "icon": "Resources/RawProducts/Cherry.png"},
    { "id": "res_chiliPepper", "name":"Chili Pepper", "price":12, "icon": "Resources/RawProducts/ChiliPepper.png"},
    { "id": "res_coconut", "name":"Coconut", "price":20, "icon": "Resources/RawProducts/Coconut.png"},
    { "id": "res_corn", "name":"Corn", "price":5, "icon": "Resources/RawProducts/Corn.png"},
    { "id": "res_cranberries", "name":"Cranberry", "price":2, "icon": "Resources/RawProducts/Cranberries.png"},
    { "id": "res_crookneck", "name":"Crookneck", "price":30, "icon": "Resources/RawProducts/Crookneck.png"},
    { "id": "res_cucumber", "name":"Cucumber", "price":8, "icon": "Resources/RawProducts/Cucumber.png"},
    { "id": "res_garlic", "name":"Garlic", "price":20, "icon": "Resources/RawProducts/Garlic.png"},
    { "id": "res_ginger", "name":"Ginger", "price":20, "icon": "Resources/RawProducts/Ginger.png"},
    { "id": "res_grapefruit", "name":"Grapefruit", "price":40, "icon": "Resources/RawProducts/Grapefruit.png"},
    { "id": "res_grapesGreen", "name":"Grape", "price":8, "icon": "Resources/RawProducts/GrapesGreen.png"},
    { "id": "res_grapesPurple", "name":"Grape", "price":5, "icon": "Resources/RawProducts/GrapesPurple.png"},
    { "id": "res_grapesRed", "name":"Grape", "price":9, "icon": "Resources/RawProducts/GrapesRed.png"},
    { "id": "res_grapesWhite", "name":"Grape", "price":11, "icon": "Resources/RawProducts/GrapesWhite.png"},
    { "id": "res_honeydew", "name":"Honeydew", "price":18, "icon": "Resources/RawProducts/Honeydew.png"},
    { "id": "res_jalapeno", "name":"Jalapeno", "price":24, "icon": "Resources/RawProducts/Jalapeno.png"},
    { "id": "res_kale", "name":"Kale", "price":15, "icon": "Resources/RawProducts/Kale.png"},
    { "id": "res_lemon", "name":"Lemon", "price":5, "icon": "Resources/RawProducts/Lemon.png"},
    { "id": "res_lettuce", "name":"Lettuce", "price":4, "icon": "Resources/RawProducts/Lettuce.png"},
    { "id": "res_lime", "name":"Lime", "price":9, "icon": "Resources/RawProducts/Lime.png"},
    { "id": "res_mango", "name":"Mango", "price":35, "icon": "Resources/RawProducts/Mango.png"},
    { "id": "res_mushroomPoison", "name":"Mushroom", "price":26, "icon": "Resources/RawProducts/MushroomPoison.png"},
    { "id": "res_mushroomRed", "name":"Mushroom", "price":24, "icon": "Resources/RawProducts/MushroomRed.png"},
    { "id": "res_mushroomWhite", "name":"Mushroom", "price":22, "icon": "Resources/RawProducts/MushroomWhite.png"},
    { "id": "res_onionGreen", "name":"Onion", "price":3, "icon": "Resources/RawProducts/OnionGreen.png"},
    { "id": "res_onionRed", "name":"Onion", "price":16, "icon": "Resources/RawProducts/OnionRed.png"},
    { "id": "res_onionWhite", "name":"Onion", "price":8, "icon": "Resources/RawProducts/OnionWhite.png"},
    { "id": "res_orange", "name":"Orange", "price":6, "icon": "Resources/RawProducts/Orange.png"},
    { "id": "res_peach", "name":"Peach", "price":14, "icon": "Resources/RawProducts/Peach.png"},
    { "id": "res_pear", "name":"Pear", "price":12, "icon": "Resources/RawProducts/Pear.png"},
    { "id": "res_peas", "name":"Peas", "price":3, "icon": "Resources/RawProducts/Peas.png"},
    { "id": "res_pepperGreen", "name":"Pepper", "price":8, "icon": "Resources/RawProducts/PepperGreen.png"},
    { "id": "res_pepperOrange", "name":"Pepper", "price":10, "icon": "Resources/RawProducts/PepperOrange.png"},
    { "id": "res_pepperRed", "name":"Pepper", "price":10, "icon": "Resources/RawProducts/PepperRed.png"},
    { "id": "res_pepperYellow", "name":"Pepper", "price":10, "icon": "Resources/RawProducts/PepperYellow.png"},
    { "id": "res_potato", "name":"Potato", "price":2, "icon": "Resources/RawProducts/Potato.png"},
    { "id": "res_pumpkin", "name":"Pumpkin", "price":50, "icon": "Resources/RawProducts/Pumpkin.png"},
    { "id": "res_radish", "name":"Radish", "price":16, "icon": "Resources/RawProducts/Radish.png"},
    { "id": "res_raspberries", "name":"Raspberry", "price":4, "icon": "Resources/RawProducts/Raspberries.png"},
    { "id": "res_rutabaga", "name":"Rutabaga", "price":10, "icon": "Resources/RawProducts/Rutabaga.png"},
    { "id": "res_shallot", "name":"Shallot", "price":5, "icon": "Resources/RawProducts/Shallot.png"},
    { "id": "res_spinach", "name":"Spinach", "price":6, "icon": "Resources/RawProducts/Spinach.png"},
    { "id": "res_squash", "name":"Squash", "price":14, "icon": "Resources/RawProducts/Squash.png"},
    { "id": "res_strawberries", "name":"Strawberry", "price":12, "icon": "Resources/RawProducts/Strawberries.png"},
    { "id": "res_tomato", "name":"Tomato", "price":6, "icon": "Resources/RawProducts/Tomato.png"},
    { "id": "res_turmeric", "name":"Turmeric", "price":21, "icon": "Resources/RawProducts/Turmeric.png"},
    { "id": "res_turnip", "name":"Turnip", "price":11, "icon": "Resources/RawProducts/Turnip.png"},
    { "id": "res_watermelon", "name":"Watermelon", "price":40, "icon": "Resources/RawProducts/Watermelon.png"},
    { "id": "res_wheat", "name":"Wheat", "price":1, "icon": "Resources/RawProducts/Wheat.png"},
    { "id": "res_wildBerries", "name":"Wildberry", "price":3, "icon": "Resources/RawProducts/WildBerries.png"},
    { "id": "res_wildHerb", "name":"Herb", "price":25, "icon": "Resources/RawProducts/WildHerb.png"},
    { "id": "res_yam", "name":"Yam", "price":20, "icon": "Resources/RawProducts/Yam.png"},
    { "id": "res_zucchini", "name":"Zucchini", "price":10, "icon": "Resources/RawProducts/Zucchini.png"},

    { "id": "res_beer", "name":"Beer", "price":100, "icon": "Resources/ProcessedProducts/Beer.png"},
    { "id": "res_bread", "name":"Bread", "price":30, "icon": "Resources/ProcessedProducts/Bread.png"},
    { "id": "res_brownie", "name":"Brownie", "price":60, "icon": "Resources/ProcessedProducts/Brownie.png"},
    { "id": "res_cookie", "name":"Cookies", "price":60, "icon": "Resources/ProcessedProducts/Cookie.png"},
    { "id": "res_honey", "name":"Honey", "price":100, "icon": "Resources/ProcessedProducts/Honey.png"},
    { "id": "res_jam", "name":"Jam", "price":75, "icon": "Resources/ProcessedProducts/Jam.png"},
    { "id": "res_marmalade", "name":"Marmalade", "price":75, "icon": "Resources/ProcessedProducts/Marmalade.png"},
    { "id": "res_moonshine", "name":"Moonshine", "price":90, "icon": "Resources/ProcessedProducts/Moonshine.png"},
    { "id": "res_pickles", "name":"Pickles", "price":45, "icon": "Resources/ProcessedProducts/PickledEggs.png"},
    { "id": "res_pieApple", "name":"Apple Pie", "price":80, "icon": "Resources/ProcessedProducts/PieApple.png"},
    { "id": "res_pieCitrus", "name":"Citrus Pie", "price":80, "icon": "Resources/ProcessedProducts/PieLemon.png"},
    { "id": "res_pieHarvest", "name":"Harvest Pie", "price":80, "icon": "Resources/ProcessedProducts/PiePumpkin.png"},
    { "id": "res_roll", "name":"Roll", "price":30, "icon": "Resources/ProcessedProducts/Roll.png"},
    { "id": "res_saki", "name":"Saki", "price":125, "icon": "Resources/ProcessedProducts/Saki.png"},
    { "id": "res_tart", "name":"Tart", "price":50, "icon": "Resources/ProcessedProducts/Tart.png"},
    { "id": "res_whiskey", "name":"Whiskey", "price":150, "icon": "Resources/ProcessedProducts/Whiskey.png"},
    { "id": "res_wine", "name":"Wine", "price":250, "icon": "Resources/ProcessedProducts/Wine.png"}
]