[
    { "id": "seed_acorn", "name":"Acorn Seed", "rarity": 1, "icon": "Resources/RawProducts/Acorn.png"},
    { "id": "seed_appleGreen", "name":"Apple Seed", "rarity": 1, "icon": "Resources/RawProducts/AppleGreen.png"},
    { "id": "seed_appleRed", "name":"Apple Seed", "rarity": 1, "icon": "Resources/RawProducts/AppleRed.png"},
    { "id": "seed_appleYellow", "name":"Apple Seed", "rarity": 1, "icon": "Resources/RawProducts/AppleYellow.png"},
    { "id": "seed_aubergine", "name":"Aubergine Seed", "rarity": 1, "icon": "Resources/RawProducts/Aubergine.png"},
    { "id": "seed_avocado", "name":"Avocado Seed", "rarity": 1, "icon": "Resources/RawProducts/Avocado.png"},
    { "id": "seed_banana", "name":"Banana Seed", "rarity": 1, "icon": "Resources/RawProducts/Banana.png"},
    { "id": "seed_beet", "name":"Beet Seed", "rarity": 1, "icon": "Resources/RawProducts/Beet.png"},
    { "id": "seed_beetGolden", "name":"Beet Seed", "rarity": 1, "icon": "Resources/RawProducts/BeetGolden.png"},
    { "id": "seed_blueberries", "name":"Blueberry Seed", "rarity": 1, "icon": "Resources/RawProducts/Blueberries.png"},
    { "id": "seed_broccoli", "name":"Broccoli Seed", "rarity": 1, "icon": "Resources/RawProducts/Broccoli.png"},
    { "id": "seed_cabbageGreen", "name":"Cabbage Seed", "rarity": 1, "icon": "Resources/RawProducts/CabbageGreen.png"},
    { "id": "seed_cabbageRed", "name":"Cabbage Seed", "rarity": 1, "icon": "Resources/RawProducts/CabbageRed.png"},
    { "id": "seed_canteloupe", "name":"Canteloupe Seed", "rarity": 1, "icon": "Resources/RawProducts/Canteloupe.png"},
    { "id": "seed_carrot", "name":"Carrot Seed", "rarity": 1, "icon": "Resources/RawProducts/Carrot.png"},
    { "id": "seed_cauliflower", "name":"Cauliflower Seed", "rarity": 1, "icon": "Resources/RawProducts/Cauliflower.png"},
    { "id": "seed_celery", "name":"Celery Seed", "rarity": 1, "icon": "Resources/RawProducts/Celery.png"},
    { "id": "seed_cherry", "name":"Cherry Seed", "rarity": 1, "icon": "Resources/RawProducts/Cherry.png"},
    { "id": "seed_chiliPepper", "name":"Chili Pepper Seed", "rarity": 1, "icon": "Resources/RawProducts/ChiliPepper.png"},
    { "id": "seed_coconut", "name":"Coconut Seed", "rarity": 1, "icon": "Resources/RawProducts/Coconut.png"},
    { "id": "seed_corn", "name":"Corn Seed", "rarity": 1, "icon": "Resources/RawProducts/Corn.png"},
    { "id": "seed_cranberries", "name":"Cranberry Seed", "rarity": 1, "icon": "Resources/RawProducts/Cranberries.png"},
    { "id": "seed_crookneck", "name":"Crookneck Seed", "rarity": 1, "icon": "Resources/RawProducts/Crookneck.png"},
    { "id": "seed_cucumber", "name":"Cucumber Seed", "rarity": 1, "icon": "Resources/RawProducts/Cucumber.png"},
    { "id": "seed_garlic", "name":"Garlic Seed", "rarity": 1, "icon": "Resources/RawProducts/Garlic.png"},
    { "id": "seed_ginger", "name":"Ginger Seed", "rarity": 1, "icon": "Resources/RawProducts/Ginger.png"},
    { "id": "seed_grapefruit", "name":"Grapefruit Seed", "rarity": 1, "icon": "Resources/RawProducts/Grapefruit.png"},
    { "id": "seed_grapesGreen", "name":"Grape Seed", "rarity": 1, "icon": "Resources/RawProducts/GrapesGreen.png"},
    { "id": "seed_grapesPurple", "name":"Grape Seed", "rarity": 1, "icon": "Resources/RawProducts/GrapesPurple.png"},
    { "id": "seed_grapesRed", "name":"Grape Seed", "rarity": 1, "icon": "Resources/RawProducts/GrapesRed.png"},
    { "id": "seed_grapesWhite", "name":"Grape Seed", "rarity": 1, "icon": "Resources/RawProducts/GrapesWhite.png"},
    { "id": "seed_honeydew", "name":"Honeydew Seed", "rarity": 1, "icon": "Resources/RawProducts/Honeydew.png"},
    { "id": "seed_jalapeno", "name":"Jalapeno Seed", "rarity": 1, "icon": "Resources/RawProducts/Jalapeno.png"},
    { "id": "seed_kale", "name":"Kale Seed", "rarity": 1, "icon": "Resources/RawProducts/Kale.png"},
    { "id": "seed_lemon", "name":"Lemon Seed", "rarity": 1, "icon": "Resources/RawProducts/Lemon.png"},
    { "id": "seed_lettuce", "name":"Lettuce Seed", "rarity": 1, "icon": "Resources/RawProducts/Lettuce.png"},
    { "id": "seed_lime", "name":"Lime Seed", "rarity": 1, "icon": "Resources/RawProducts/Lime.png"},
    { "id": "seed_mango", "name":"Mango Seed", "rarity": 1, "icon": "Resources/RawProducts/Mango.png"},
    { "id": "seed_mushroomPoison", "name":"Mushroom Seed", "rarity": 1, "icon": "Resources/RawProducts/MushroomPoison.png"},
    { "id": "seed_mushroomRed", "name":"Mushroom Seed", "rarity": 1, "icon": "Resources/RawProducts/MushroomRed.png"},
    { "id": "seed_mushroomWhite", "name":"Mushroom Seed", "rarity": 1, "icon": "Resources/RawProducts/MushroomWhite.png"},
    { "id": "seed_onionGreen", "name":"Onion Seed", "rarity": 1, "icon": "Resources/RawProducts/OnionGreen.png"},
    { "id": "seed_onionRed", "name":"Onion Seed", "rarity": 1, "icon": "Resources/RawProducts/OnionRed.png"},
    { "id": "seed_onionWhite", "name":"Onion Seed", "rarity": 1, "icon": "Resources/RawProducts/OnionWhite.png"},
    { "id": "seed_orange", "name":"Orange Seed", "rarity": 1, "icon": "Resources/RawProducts/Orange.png"},
    { "id": "seed_peach", "name":"Peach Seed", "rarity": 1, "icon": "Resources/RawProducts/Peach.png"},
    { "id": "seed_pear", "name":"Pear Seed", "rarity": 1, "icon": "Resources/RawProducts/Pear.png"},
    { "id": "seed_peas", "name":"Peas Seed", "rarity": 1, "icon": "Resources/RawProducts/Peas.png"},
    { "id": "seed_pepperGreen", "name":"Pepper Seed", "rarity": 1, "icon": "Resources/RawProducts/PepperGreen.png"},
    { "id": "seed_pepperOrange", "name":"Pepper Seed", "rarity": 1, "icon": "Resources/RawProducts/PepperOrange.png"},
    { "id": "seed_pepperRed", "name":"Pepper Seed", "rarity": 1, "icon": "Resources/RawProducts/PepperRed.png"},
    { "id": "seed_pepperYellow", "name":"Pepper Seed", "rarity": 1, "icon": "Resources/RawProducts/PepperYellow.png"},
    { "id": "seed_potato", "name":"Potato Seed", "rarity": 1, "icon": "Resources/RawProducts/Potato.png"},
    { "id": "seed_pumpkin", "name":"Pumpkin Seed", "rarity": 1, "icon": "Resources/RawProducts/Pumpkin.png"},
    { "id": "seed_radish", "name":"Radish Seed", "rarity": 1, "icon": "Resources/RawProducts/Radish.png"},
    { "id": "seed_raspberries", "name":"Raspberry Seed", "rarity": 1, "icon": "Resources/RawProducts/Raspberries.png"},
    { "id": "seed_rutabaga", "name":"Rutabaga Seed", "rarity": 1, "icon": "Resources/RawProducts/Rutabaga.png"},
    { "id": "seed_shallot", "name":"Shallot Seed", "rarity": 1, "icon": "Resources/RawProducts/Shallot.png"},
    { "id": "seed_spinach", "name":"Spinach Seed", "rarity": 1, "icon": "Resources/RawProducts/Spinach.png"},
    { "id": "seed_squash", "name":"Squash Seed", "rarity": 1, "icon": "Resources/RawProducts/Squash.png"},
    { "id": "seed_strawberries", "name":"Strawberry Seed", "rarity": 1, "icon": "Resources/RawProducts/Strawberries.png"},
    { "id": "seed_tomato", "name":"Tomato Seed", "rarity": 1, "icon": "Resources/RawProducts/Tomato.png"},
    { "id": "seed_turmeric", "name":"Turmeric Seed", "rarity": 1, "icon": "Resources/RawProducts/Turmeric.png"},
    { "id": "seed_turnip", "name":"Turnip Seed", "rarity": 1, "icon": "Resources/RawProducts/Turnip.png"},
    { "id": "seed_watermelon", "name":"Watermelon Seed", "rarity": 1, "icon": "Resources/RawProducts/Watermelon.png"},
    { "id": "seed_wheat", "name":"Wheat Seed", "rarity": 1, "icon": "Resources/RawProducts/Wheat.png"},
    { "id": "seed_wildBerries", "name":"Wildberry Seed", "rarity": 1, "icon": "Resources/RawProducts/WildBerries.png"},
    { "id": "seed_wildHerb", "name":"Herb Seed", "rarity": 1, "icon": "Resources/RawProducts/WildHerb.png"},
    { "id": "seed_yam", "name":"Yam Seed", "rarity": 1, "icon": "Resources/RawProducts/Yam.png"},
    { "id": "seed_zucchini", "name":"Zucchini Seed", "rarity": 1, "icon": "Resources/RawProducts/Zucchini.png"}
]