{
  "meatLow": {
    "FoodId": "meatLow",
    "NameId": "Food/Meat",
    "ArtId": "/Assets/Food/food_meat.png",
    "SpawnRate": 5,
    "StatGrowthBoosts": {
      "Strength": {
        "Points": [
          {
            "Value": 10,
            "Weight": 1
          }
        ]
      }
    },
    "StatGrowthMultipliers": {
      "Strength": {
        "Points": [
          {
            "Value": 1.25,
            "Weight": 1
          }
        ]
      }
    },
    "MoraleBoost": {}
  },
  "fishLow": {
    "FoodId": "fishLow",
    "NameId": "Food/Fish",
    "ArtId": "/Assets/Food/food_fish.png",
    "SpawnRate": 5,
    "StatGrowthBoosts": {
      "Speed": {
        "Points": [
          {
            "Value": 10,
            "Weight": 1
          }
        ]
      }
    },
    "StatGrowthMultipliers": {
      "Speed": {
        "Points": [
          {
            "Value": 1.25,
            "Weight": 1
          }
        ]
      }
    },
    "MoraleBoost": {}
  },
  "fruitLow": {
    "FoodId": "fruitLow",
    "NameId": "Food/Fruit",
    "ArtId": "/Assets/Food/food_fruit.png",
    "SpawnRate": 5,
    "StatGrowthBoosts": {
      "Vitality": {
        "Points": [
          {
            "Value": 10,
            "Weight": 1
          }
        ]
      }
    },
    "StatGrowthMultipliers": {
      "Vitality": {
        "Points": [
          {
            "Value": 1.25,
            "Weight": 1
          }
        ]
      }
    },
    "MoraleBoost": {}
  },
  "vegetableLow": {
    "FoodId": "vegetableLow",
    "NameId": "Food/Vegetable",
    "ArtId": "/Assets/Food/food_vegetable.png",
    "SpawnRate": 5,
    "StatGrowthBoosts": {
      "Vitality": {
        "Smarts": [
          {
            "Value": 10,
            "Weight": 1
          }
        ]
      }
    },
    "StatGrowthMultipliers": {
      "Smarts": {
        "Points": [
          {
            "Value": 1.25,
            "Weight": 1
          }
        ]
      }
    },
    "MoraleBoost": {}
  },
  "dairyLow": {
    "FoodId": "dairyLow",
    "NameId": "Food/Dairy",
    "ArtId": "/Assets/Food/food_dairy.png",
    "SpawnRate": 5,
    "StatGrowthBoosts": {
      "Skill": {
        "Points": [
          {
            "Value": 10,
            "Weight": 1
          }
        ]
      }
    },
    "StatGrowthMultipliers": {
      "Skill": {
        "Points": [
          {
            "Value": 1.25,
            "Weight": 1
          }
        ]
      }
    },
    "MoraleBoost": {}
  },
  "grainsLow": {
    "FoodId": "grainsLow",
    "NameId": "Food/Grains",
    "ArtId": "/Assets/Food/food_grain.png",
    "SpawnRate": 5,
    "StatGrowthBoosts": {
      "Luck": {
        "Smarts": [
          {
            "Value": 10,
            "Weight": 1
          }
        ]
      }
    },
    "StatGrowthMultipliers": {
      "Luck": {
        "Points": [
          {
            "Value": 1.25,
            "Weight": 1
          }
        ]
      } 
    },
    "MoraleBoost": { }
  },
  "treatLow": {
    "FoodId": "treatLow",
    "NameId": "Food/Treat",
    "ArtId": "/Assets/Food/food_treat.png",
    "SpawnRate": 5,
    "StatGrowthBoosts": {},
    "StatGrowthMultipliers": {},
    "MoraleBoost": {
      "Points": [
        { "Value": 25, "Weight": 1 },
        { "Value": 20, "Weight": 2 },
        { "Value": 15, "Weight": 3 },
        { "Value": 10, "Weight": 4 },
        { "Value": 5,  "Weight": 5 }
      ]
    }
  }
}