{
  "Tutorial/Corral/1": {
    "LocId": "Tutorial/Corral/1",
    "TextByLang": {
      "en": "Well hey there, you're a new face. What brings you to this old Corral?"
    }
  },
  "Tutorial/Corral/2": {
    "LocId": "Tutorial/Corral/2",
    "TextByLang": {
      "en": "What!? YOU'RE the old shepherd's grand-kid? Well it's nice to meet'cha, I wasn't expecting you until tomorrow!"
    }
  },
  "Tutorial/Corral/3": {
    "LocId": "Tutorial/Corral/3",
    "TextByLang": {
      "en": "You'll have a lot to learn if you're gonna become a shepherd on par with your old grandma, she was a mighty fine lady. But here's the breakdown: You adopt 'em, you feed 'em, you train 'em, and then you battle 'em."
    }
  },
  "Tutorial/Corral/4": {
    "LocId": "Tutorial/Corral/4",
    "TextByLang": {
      "en": "Eventually your little fiends, 'Cryptids' they're called, will tire out and you'll need to retire them. It's a sad day for everyone, but they can't stay with us forever..."
    }
  },
  "Tutorial/Corral/5": {
    "LocId": "Tutorial/Corral/5",
    "TextByLang": {
      "en": "Well that's about it! How bout I walk you on over to visit the Nursery and get you your first Cryptid?"
    }
  },
  "Tutorial/LetsGo": {
    "LocId": "Tutorial/LetsGo",
    "TextByLang": {
      "en": "Let's Go!"
    }
  },
  "Tutorial/Nursery/1": {
    "LocId": "Tutorial/Nursery/1",
    "TextByLang": {
      "en": "Hi there, welcome to the Nursery! I'm not very good with faces...do I know you?"
    }
  },
  "Tutorial/Nursery/2": {
    "LocId": "Tutorial/Nursery/2",
    "TextByLang": {
      "en": "Oh! You're the old shepherd's grand-kid! Nice to meet you! Well here at the Nursery we do our best to match you up with a friendly new Cryptid based on a Runic Pattern of your choice."
    }
  },
  "Tutorial/Nursery/3": {
    "LocId": "Tutorial/Nursery/3",
    "TextByLang": {
      "en": "There are only so many Runic Patterns out there, so once you've adopted the Cryptid from one, it'll become deactivated. So how about it, ready to get yourself a Cryptid?"
    }
  },
  "Tutorial/Nursery/4": {
    "LocId": "Tutorial/Nursery/4",
    "TextByLang": {
      "en": "Oooh! You've got yourself a new {cryptidSpecies}! What a sweetie! I'll send it back to the Corral for you, along with some food since you're new. Make sure you take good care of it!"
    }
  },
  "Corral/Morning/FeedingPrompt": {
    "LocId": "Corral/Morning/FeedingPrompt",
    "TextByLang": {
      "en": "Your {species} looks hungry, what will you feed it today?"
    }
  },
  "Corral/Morning/ActivityPrompt": {
    "LocId": "Corral/Morning/ActivityPrompt",
    "TextByLang": {
      "en": "The sun is high on another day at the Corral. What should we do today?"
    }
  },
  "Corral/Day/Welcome": {
    "LocId": "Corral/Day/Welcome",
    "TextByLang": {
      "en": "What a good day for training, but a nap does sound nice."
    }
  },
  "Corral/Day/TrainingPrompt": {
    "LocId": "Corral/Day/TrainingPrompt",
    "TextByLang": {
      "en": "Which training regimen should we go with?"
    }
  },
  "Corral/Day/RestResult": {
    "LocId": "Corral/Day/RestResult",
    "TextByLang": {
      "en": "Your cryptid looks well rested."
    }
  },
  "Corral/Night/Default": {
    "LocId": "Corral/Night/Default",
    "TextByLang": {
      "en": "The sun sets on another day at the Corral."
    }
  },
  "Corral/Night/AgeWarning/FinalDay": {
    "LocId": "Corral/Night/AgeWarning/FinalDay",
    "TextByLang": {
      "en": "Your {species} looks really tired and is acting strange."
    }
  },
  "Corral/Night/AgeWarning/FinalDays": {
    "LocId": "Corral/Night/AgeWarning/FinalDays",
    "TextByLang": {
      "en": "Your {species} looks very tired."
    }
  },
  "Corral/Night/AgeWarning/FinalWeek": {
    "LocId": "Corral/Night/AgeWarning/FinalWeek",
    "TextByLang": {
      "en": "Your {species} is getting slower these days."
    }
  },
  "Corral/Night/AgeWarning/FinalFortnight": {
    "LocId": "Corral/Night/AgeWarning/FinalFortnight",
    "TextByLang": {
      "en": "It looks like your {species} is getting a little weary."
    }
  },
  "Corral/Night/AgeWarning/Healthy": {
    "LocId": "Corral/Night/AgeWarning/Healthy",
    "TextByLang": {
      "en": "Your {species} looks healthy!"
    }
  },
  "Corral/Night/MoraleWarning/Tenth": {
    "LocId": "Corral/Night/MoraleWarning/Tenth",
    "TextByLang": {
      "en": "They seem to be really sad."
    }
  },
  "Corral/Night/MoraleWarning/Quarter": {
    "LocId": "Corral/Night/MoraleWarning/Quarter",
    "TextByLang": {
      "en": "They seem pretty sad."
    }
  },
  "Corral/Night/MoraleWarning/Half": {
    "LocId": "Corral/Night/MoraleWarning/Half",
    "TextByLang": {
      "en": "They don't look very happy."
    }
  },
  "Corral/Night/MoraleWarning/Happy": {
    "LocId": "Corral/Night/MoraleWarning/Happy",
    "TextByLang": {
      "en": "They look happy to see you."
    }
  },
  "Town/Welcome": {
    "LocId": "Town/Welcome",
    "TextByLang": {
      "en": "The town is bustling today as always, where to?"
    }
  },
  "Town/Nursery/Welcome": {
    "LocId": "Town/Nursery/Welcome",
    "TextByLang": {
      "en": "Welcome to the nursery, are you looking to adopt a new Cryptid?"
    }
  },
  "Town/Nursery/SelectRune": {
    "LocId": "Nursery/SelectRune",
    "TextByLang": {
      "en": "Take your pick from these Runic Patterns we have available and we'll get you a new Cryptid to take home with you today."
    }
  },
  "Town/Market/Welcome": {
    "LocId": "Town/Market/Welcome",
    "TextByLang": {
      "en": "We get new stock everyday, so check in often."
    }
  },
  "Town/Lab/Welcome": {
    "LocId": "Town/Lab/Welcome",
    "TextByLang": {
      "en": "Welcome to the laboratory, what kind of science can we do for you today?"
    }
  },
  "Coliseum/Welcome": {
    "LocId": "Coliseum/Welcome",
    "TextByLang": {
      "en": "Hey there, we've got some tough opponents in the fight today. Take your pick and we'll see how tough your little Cryptid is."
    }
  },
  "Location/Corral": {
    "LocId": "Location/Corral",
    "TextByLang": {
      "en": "Corral"
    }
  },
  "Location/Town": {
    "LocId": "Location/Town",
    "TextByLang": {
      "en": "Town"
    }
  },
  "Location/Town/Market": {
    "LocId": "Location/Town/Market",
    "TextByLang": {
      "en": "Market"
    }
  },
  "Location/Town/Laboratory": {
    "LocId": "Location/Town/Laboratory",
    "TextByLang": {
      "en": "Market"
    }
  },
  "Location/Town/Nursery": {
    "LocId": "Location/Town/Nursery",
    "TextByLang": {
      "en": "Nursery"
    }
  },
  "Location/Coliseum": {
    "LocId": "Location/Coliseum",
    "TextByLang": {
      "en": "Town"
    }
  },
  "Button/Play": {
    "LocId": "Button/Play",
    "TextByLang": {
      "en": "Play"
    }
  },
  "Button/Next": {
    "LocId": "Button/Next",
    "TextByLang": {
      "en": "Next"
    }
  },
  "Button/Back": {
    "LocId": "Button/Back",
    "TextByLang": {
      "en": "Back"
    }
  },
  "Button/Train": {
    "LocId": "Button/Train",
    "TextByLang": {
      "en": "Train"
    }
  },
  "Button/ToTown": {
    "LocId": "Button/ToTown",
    "TextByLang": {
      "en": "To Town"
    }
  },
  "Button/ToColiseum": {
    "LocId": "Button/ToColiseum",
    "TextByLang": {
      "en": "To Coliseum"
    }
  },
  "Button/Rest": {
    "LocId": "Button/Rest",
    "TextByLang": {
      "en": "Rest"
    }
  },
  "Button/Buy": {
    "LocId": "Button/Buy",
    "TextByLang": {
      "en": "Buy"
    }
  },
  "Button/Sell": {
    "LocId": "Button/Sell",
    "TextByLang": {
      "en": "Sell"
    }
  },
  "Button/AllDone": {
    "LocId": "Button/AllDone",
    "TextByLang": {
      "en": "All Done"
    }
  },
  "Button/Adopt": {
    "LocId": "Button/Adopt",
    "TextByLang": {
      "en": "Adopt"
    }
  },
  "Button/GoHome": {
    "LocId": "Button/GoHome",
    "TextByLang": {
      "en": "Go Home"
    }
  },
  "Button/EndDay": {
    "LocId": "Button/EndDay",
    "TextByLang": {
      "en": "End Day"
    }
  },
  "Button/Freeze": {
    "LocId": "Button/Freeze",
    "TextByLang": {
      "en": "Freeze"
    }
  },
  "Button/Thaw": {
    "LocId": "Button/Thaw",
    "TextByLang": {
      "en": "Thaw"
    }
  },
  "Button/Retire": {
    "LocId": "Button/Retire",
    "TextByLang": {
      "en": "Retire"
    }
  },
  "Button/Exit": {
    "LocId": "Button/Exit",
    "TextByLang": {
      "en": "Exit"
    }
  },
  "Button/Market": {
    "LocId": "Button/Market",
    "TextByLang": {
      "en": "Market"
    }
  },
  "Button/Laboratory": {
    "LocId": "Button/Laboratory",
    "TextByLang": {
      "en": "Laboratory"
    }
  },
  "Button/Nursery": {
    "LocId": "Button/Nursery",
    "TextByLang": {
      "en": "Nursery"
    }
  },
  "Cryptid/Borkin": {
    "LocId": "Cryptid/Borkin",
    "TextByLang": {
      "en": "Borkin"
    }
  },
  "Color/Nil": {
    "LocId": "Color/Nil",
    "TextByLang": {
      "en": "Default"
    }
  },
  "Food/BasicRation": {
    "LocId": "Food/BasicRation",
    "TextByLang": {
      "en": "Ration"
    }
  },
  "Food/Meat": {
    "LocId": "Food/Meat",
    "TextByLang": {
      "en": "Meat"
    }
  },
  "Food/Dairy": {
    "LocId": "Food/Dairy",
    "TextByLang": {
      "en": "Dairy"
    }
  },
  "Food/Fish": {
    "LocId": "Food/Fish",
    "TextByLang": {
      "en": "Fish"
    }
  },
  "Food/Fruit": {
    "LocId": "Food/Fruit",
    "TextByLang": {
      "en": "Fruit"
    }
  },
  "Food/Vegetable": {
    "LocId": "Food/Vegetable",
    "TextByLang": {
      "en": "Vegetable"
    }
  },
  "Food/Grains": {
    "LocId": "Food/Grains",
    "TextByLang": {
      "en": "Grains"
    }
  },
  "Food/Treat": {
    "LocId": "Food/Treat",
    "TextByLang": {
      "en": "Treat"
    }
  },
  "Time/Morning": {
    "LocId": "Time/Morning",
    "TextByLang": {
      "en": "Morning"
    }
  },
  "Time/Day": {
    "LocId": "Time/Day",
    "TextByLang": {
      "en": "Afternoon"
    }
  },
  "Time/Evening": {
    "LocId": "Time/Evening",
    "TextByLang": {
      "en": "Evening"
    }
  },
  "Day/0": {
    "LocId": "Day/0",
    "TextByLang": {
      "en": "Monday"
    }
  },
  "Day/1": {
    "LocId": "Day/1",
    "TextByLang": {
      "en": "Tuesday"
    }
  },
  "Day/2": {
    "LocId": "Day/2",
    "TextByLang": {
      "en": "Wednesday"
    }
  },
  "Day/3": {
    "LocId": "Day/3",
    "TextByLang": {
      "en": "Thursday"
    }
  },
  "Day/4": {
    "LocId": "Day/4",
    "TextByLang": {
      "en": "Friday"
    }
  },
  "Day/5": {
    "LocId": "Day/5",
    "TextByLang": {
      "en": "Saturday"
    }
  },
  "Day/6": {
    "LocId": "Day/6",
    "TextByLang": {
      "en": "Sunday"
    }
  }
}