[
    { "id": "res_acorn", "name":"Acorn", "price":10, "icon": "Resources/RawProducts/Acorn.png"},
    { "id": "res_appleGreen", "name":"Apple", "price":10, "icon": "Resources/RawProducts/AppleGreen.png"},
    { "id": "res_appleRed", "name":"Apple", "price":10, "icon": "Resources/RawProducts/AppleRed.png"},
    { "id": "res_appleYellow", "name":"Apple", "price":10, "icon": "Resources/RawProducts/AppleYellow.png"},
    { "id": "res_aubergine", "name":"Aubergine", "price":10, "icon": "Resources/RawProducts/Aubergine.png"},
    { "id": "res_avocado", "name":"Avocado", "price":10, "icon": "Resources/RawProducts/Avocado.png"},
    { "id": "res_banana", "name":"Banana", "price":10, "icon": "Resources/RawProducts/Banana.png"},
    { "id": "res_beet", "name":"Beet", "price":10, "icon": "Resources/RawProducts/Beet.png"},
    { "id": "res_beetGolden", "name":"Beet", "price":10, "icon": "Resources/RawProducts/BeetGolden.png"},
    { "id": "res_blueberries", "name":"Blueberry", "price":10, "icon": "Resources/RawProducts/Blueberries.png"},
    { "id": "res_broccoli", "name":"Broccoli", "price":10, "icon": "Resources/RawProducts/Broccoli.png"},
    { "id": "res_cabbageGreen", "name":"Cabbage", "price":10, "icon": "Resources/RawProducts/CabbageGreen.png"},
    { "id": "res_cabbageRed", "name":"Cabbage", "price":10, "icon": "Resources/RawProducts/CabbageRed.png"},
    { "id": "res_canteloupe", "name":"Canteloupe", "price":10, "icon": "Resources/RawProducts/Canteloupe.png"},
    { "id": "res_carrot", "name":"Carrot", "price":10, "icon": "Resources/RawProducts/Carrot.png"},
    { "id": "res_cauliflower", "name":"Cauliflower", "price":10, "icon": "Resources/RawProducts/Cauliflower.png"},
    { "id": "res_celery", "name":"Celery", "price":10, "icon": "Resources/RawProducts/Celery.png"},
    { "id": "res_cherry", "name":"Cherry", "price":10, "icon": "Resources/RawProducts/Cherry.png"},
    { "id": "res_chiliPepper", "name":"Chili Pepper", "price":10, "icon": "Resources/RawProducts/ChiliPepper.png"},
    { "id": "res_coconut", "name":"Coconut", "price":10, "icon": "Resources/RawProducts/Coconut.png"},
    { "id": "res_corn", "name":"Corn", "price":10, "icon": "Resources/RawProducts/Corn.png"},
    { "id": "res_cranberries", "name":"Cranberry", "price":10, "icon": "Resources/RawProducts/Cranberries.png"},
    { "id": "res_crookneck", "name":"Crookneck", "price":10, "icon": "Resources/RawProducts/Crookneck.png"},
    { "id": "res_cucumber", "name":"Cucumber", "price":10, "icon": "Resources/RawProducts/Cucumber.png"},
    { "id": "res_garlic", "name":"Garlic", "price":10, "icon": "Resources/RawProducts/Garlic.png"},
    { "id": "res_ginger", "name":"Ginger", "price":10, "icon": "Resources/RawProducts/Ginger.png"},
    { "id": "res_grapefruit", "name":"Grapefruit", "price":10, "icon": "Resources/RawProducts/Grapefruit.png"},
    { "id": "res_grapesGreen", "name":"Grape", "price":10, "icon": "Resources/RawProducts/GrapesGreen.png"},
    { "id": "res_grapesPurple", "name":"Grape", "price":10, "icon": "Resources/RawProducts/GrapesPurple.png"},
    { "id": "res_grapesRed", "name":"Grape", "price":10, "icon": "Resources/RawProducts/GrapesRed.png"},
    { "id": "res_grapesWhite", "name":"Grape", "price":10, "icon": "Resources/RawProducts/GrapesWhite.png"},
    { "id": "res_honeydew", "name":"Honeydew", "price":10, "icon": "Resources/RawProducts/Honeydew.png"},
    { "id": "res_jalapeno", "name":"Jalapeno", "price":10, "icon": "Resources/RawProducts/Jalapeno.png"},
    { "id": "res_kale", "name":"Kale", "price":10, "icon": "Resources/RawProducts/Kale.png"},
    { "id": "res_lemon", "name":"Lemon", "price":10, "icon": "Resources/RawProducts/Lemon.png"},
    { "id": "res_lettuce", "name":"Lettuce", "price":10, "icon": "Resources/RawProducts/Lettuce.png"},
    { "id": "res_lime", "name":"Lime", "price":10, "icon": "Resources/RawProducts/Lime.png"},
    { "id": "res_mango", "name":"Mango", "price":10, "icon": "Resources/RawProducts/Mango.png"},
    { "id": "res_mushroomPoison", "name":"Mushroom", "price":10, "icon": "Resources/RawProducts/MushroomPoison.png"},
    { "id": "res_mushroomRed", "name":"Mushroom", "price":10, "icon": "Resources/RawProducts/MushroomRed.png"},
    { "id": "res_mushroomWhite", "name":"Mushroom", "price":10, "icon": "Resources/RawProducts/MushroomWhite.png"},
    { "id": "res_onionGreen", "name":"Onion", "price":10, "icon": "Resources/RawProducts/OnionGreen.png"},
    { "id": "res_onionRed", "name":"Onion", "price":10, "icon": "Resources/RawProducts/OnionRed.png"},
    { "id": "res_onionWhite", "name":"Onion", "price":10, "icon": "Resources/RawProducts/OnionWhite.png"},
    { "id": "res_orange", "name":"Orange", "price":10, "icon": "Resources/RawProducts/Orange.png"},
    { "id": "res_peach", "name":"Peach", "price":10, "icon": "Resources/RawProducts/Peach.png"},
    { "id": "res_pear", "name":"Pear", "price":10, "icon": "Resources/RawProducts/Pear.png"},
    { "id": "res_peas", "name":"Peas", "price":10, "icon": "Resources/RawProducts/Peas.png"},
    { "id": "res_pepperGreen", "name":"Pepper", "price":10, "icon": "Resources/RawProducts/PepperGreen.png"},
    { "id": "res_pepperOrange", "name":"Pepper", "price":10, "icon": "Resources/RawProducts/PepperOrange.png"},
    { "id": "res_pepperRed", "name":"Pepper", "price":10, "icon": "Resources/RawProducts/PepperRed.png"},
    { "id": "res_pepperYellow", "name":"Pepper", "price":10, "icon": "Resources/RawProducts/PepperYellow.png"},
    { "id": "res_potato", "name":"Potato", "price":10, "icon": "Resources/RawProducts/Potato.png"},
    { "id": "res_pumpkin", "name":"Pumpkin", "price":10, "icon": "Resources/RawProducts/Pumpkin.png"},
    { "id": "res_radish", "name":"Radish", "price":10, "icon": "Resources/RawProducts/Radish.png"},
    { "id": "res_raspberries", "name":"Raspberry", "price":10, "icon": "Resources/RawProducts/Raspberries.png"},
    { "id": "res_rutabaga", "name":"Rutabaga", "price":10, "icon": "Resources/RawProducts/Rutabaga.png"},
    { "id": "res_shallot", "name":"Shallot", "price":10, "icon": "Resources/RawProducts/Shallot.png"},
    { "id": "res_spinach", "name":"Spinach", "price":10, "icon": "Resources/RawProducts/Spinach.png"},
    { "id": "res_squash", "name":"Squash", "price":10, "icon": "Resources/RawProducts/Squash.png"},
    { "id": "res_strawberries", "name":"Strawberry", "price":10, "icon": "Resources/RawProducts/Strawberries.png"},
    { "id": "res_tomato", "name":"Tomato", "price":10, "icon": "Resources/RawProducts/Tomato.png"},
    { "id": "res_turmeric", "name":"Turmeric", "price":10, "icon": "Resources/RawProducts/Turmeric.png"},
    { "id": "res_turnip", "name":"Turnip", "price":10, "icon": "Resources/RawProducts/Turnip.png"},
    { "id": "res_watermelon", "name":"Watermelon", "price":10, "icon": "Resources/RawProducts/Watermelon.png"},
    { "id": "res_wheat", "name":"Wheat", "price":10, "icon": "Resources/RawProducts/Wheat.png"},
    { "id": "res_wildBerries", "name":"Wildberry", "price":10, "icon": "Resources/RawProducts/WildBerries.png"},
    { "id": "res_wildHerb", "name":"Herb", "price":10, "icon": "Resources/RawProducts/WildHerb.png"},
    { "id": "res_yam", "name":"Yam", "price":10, "icon": "Resources/RawProducts/Yam.png"},
    { "id": "res_zucchini", "name":"Zucchini", "price":10, "icon": "Resources/RawProducts/Zucchini.png"}
]