{
  "Tutorial/Corral/1": {
    "LocId": "Tutorial/Corral/1",
    "TextByLang": {
      "en": "Well hey there, you're a new face. What brings you to this old Corral?"
    }
  },
  "Tutorial/Corral/2": {
    "LocId": "Tutorial/Corral/2",
    "TextByLang": {
      "en": "What!? YOU'RE the old shepherd's grand-kid? Well it's nice to meet'cha, I wasn't expecting you until tomorrow!"
    }
  },
  "Tutorial/Corral/3": {
    "LocId": "Tutorial/Corral/3",
    "TextByLang": {
      "en": "You'll have a lot to learn if you're gonna become a shepherd on par with your old grandma, she was a mighty fine lady. But here's the breakdown: You adopt 'em, you feed 'em, you train 'em, and then you battle 'em."
    }
  },
  "Tutorial/Corral/4": {
    "LocId": "Tutorial/Corral/4",
    "TextByLang": {
      "en": "Eventually your little fiends, 'Cryptids' they're called, will tire out and you'll need to retire them. It's a sad day for everyone, but they can't stay with us forever..."
    }
  },
  "Tutorial/Corral/5": {
    "LocId": "Tutorial/Corral/5",
    "TextByLang": {
      "en": "Well that's about it! How bout I walk you on over to visit the Nursery and get you your first Cryptid?"
    }
  },
  "Tutorial/LetsGo": {
    "LocId": "Tutorial/LetsGo",
    "TextByLang": {
      "en": "Let's Go!"
    }
  },
  "Tutorial/Nursery/1": {
    "LocId": "Tutorial/Nursery/1",
    "TextByLang": {
      "en": "Hi there, welcome to the Nursery! I'm not very good with faces...do I know you?"
    }
  },
  "Tutorial/Nursery/2": {
    "LocId": "Tutorial/Nursery/2",
    "TextByLang": {
      "en": "Oh! You're the old shepherd's grand-kid! Nice to meet you! Well here at the Nursery we do our best to match you up with a friendly new Cryptid based on a Runic Pattern of your choice."
    }
  },
  "Tutorial/Nursery/3": {
    "LocId": "Tutorial/Nursery/3",
    "TextByLang": {
      "en": "There are only so many Runic Patterns out there, so once you've adopted the Cryptid from one, it'll become deactivated. So how about it, ready to get yourself a Cryptid?"
    }
  },
  "Tutorial/Nursery/4": {
    "LocId": "Tutorial/Nursery/4",
    "TextByLang": {
      "en": "Oooh! You've got yourself a new {cryptidSpecies}! What a sweetie! I'll send it back to the Corral for you, along with some food since you're new. Make sure you take good care of it!"
    }
  },
  "Corral/Morning/FeedingPrompt": {
    "LocId": "Corral/Morning/FeedingPrompt",
    "TextByLang": {
      "en": "Your {species} looks hungry, what will you feed it today?"
    }
  },
  "Corral/Morning/ActivityPrompt": {
    "LocId": "Corral/Morning/ActivityPrompt",
    "TextByLang": {
      "en": "The sun is high on another day at the Corral. What should we do today?"
    }
  },
  "Corral/Morning/NoCryptid": {
    "LocId": "Corral/Morning/NoCryptid",
    "TextByLang": {
      "en": "It's too quiet here with no cryptid to train. Maybe we should head into town today."
    }
  },
  "Corral/Day/Welcome": {
    "LocId": "Corral/Day/Welcome",
    "TextByLang": {
      "en": "What a good day for training, but a nap does sound nice."
    }
  },
  "Corral/Day/TrainingPrompt": {
    "LocId": "Corral/Day/TrainingPrompt",
    "TextByLang": {
      "en": "Which training regimen should we go with?"
    }
  },
  "Corral/Day/TrainingPromptTooTired": {
    "LocId": "Corral/Day/TrainingPromptTooTired",
    "TextByLang": {
      "en": "Your cryptid is too tired for that training regimen."
    }
  },
  "Corral/Day/RemainingStamina": {
    "LocId": "Corral/Day/RemainingStamina",
    "TextByLang": {
      "en": "(Current Stamina: {stamina})"
    }
  },
  "Corral/Day/RestResult": {
    "LocId": "Corral/Day/RestResult",
    "TextByLang": {
      "en": "Your cryptid looks well rested."
    }
  },
  "Corral/Night/Default": {
    "LocId": "Corral/Night/Default",
    "TextByLang": {
      "en": "The sun sets on another day at the Corral."
    }
  },
  "Corral/Night/AgeWarning/FinalDay": {
    "LocId": "Corral/Night/AgeWarning/FinalDay",
    "TextByLang": {
      "en": "Your {species} looks really tired and is acting strange."
    }
  },
  "Corral/Night/AgeWarning/FinalDays": {
    "LocId": "Corral/Night/AgeWarning/FinalDays",
    "TextByLang": {
      "en": "Your {species} looks very tired."
    }
  },
  "Corral/Night/AgeWarning/FinalWeek": {
    "LocId": "Corral/Night/AgeWarning/FinalWeek",
    "TextByLang": {
      "en": "Your {species} is getting slower these days."
    }
  },
  "Corral/Night/AgeWarning/FinalFortnight": {
    "LocId": "Corral/Night/AgeWarning/FinalFortnight",
    "TextByLang": {
      "en": "It looks like your {species} is getting a little weary."
    }
  },
  "Corral/Night/AgeWarning/Healthy": {
    "LocId": "Corral/Night/AgeWarning/Healthy",
    "TextByLang": {
      "en": "Your {species} looks healthy!"
    }
  },
  "Corral/Night/MoraleWarning/Tenth": {
    "LocId": "Corral/Night/MoraleWarning/Tenth",
    "TextByLang": {
      "en": "They seem to be really sad."
    }
  },
  "Corral/Night/MoraleWarning/Quarter": {
    "LocId": "Corral/Night/MoraleWarning/Quarter",
    "TextByLang": {
      "en": "They seem pretty sad."
    }
  },
  "Corral/Night/MoraleWarning/Half": {
    "LocId": "Corral/Night/MoraleWarning/Half",
    "TextByLang": {
      "en": "They don't look very happy."
    }
  },
  "Corral/Night/MoraleWarning/Happy": {
    "LocId": "Corral/Night/MoraleWarning/Happy",
    "TextByLang": {
      "en": "They look happy to see you."
    }
  },
  "Town/Welcome": {
    "LocId": "Town/Welcome",
    "TextByLang": {
      "en": "The town is bustling today as always, where to?"
    }
  },
  "Town/Nursery/Welcome": {
    "LocId": "Town/Nursery/Welcome",
    "TextByLang": {
      "en": "Welcome to the nursery, are you looking to adopt a new Cryptid?"
    }
  },
  "Town/Nursery/SelectRune": {
    "LocId": "Town/Nursery/SelectRune",
    "TextByLang": {
      "en": "Take your pick from these Runic Patterns we have available and we'll get you a new Cryptid to take home with you today."
    }
  },
  "Town/Nursery/FullCorral": {
    "LocId": "Town/Nursery/FullCorral",
    "TextByLang": {
      "en": "Oops, looks like your Corral is already full. You'll have to get rid of your current cryptid in order to adopt a new one."
    }
  },
  "Town/Nursery/AdoptResult": {
    "LocId": "Town/Nursery/AdoptResult",
    "TextByLang": {
      "en": "Nice, a new {cryptidSpecies}! It looks healthy, I'll send it back to your corral for you."
    }
  },
  "Town/Market/Welcome": {
    "LocId": "Town/Market/Welcome",
    "TextByLang": {
      "en": "We get new stock everyday, so check in often."
    }
  },
  "Town/Market/BuyPrompt": {
    "LocId": "Town/Market/BuyPrompt",
    "TextByLang": {
      "en": "What're ya buyin?"
    }
  },
  "Town/Market/SellPrompt": {
    "LocId": "Town/Market/SellPrompt",
    "TextByLang": {
      "en": "Whadda ya got?"
    }
  },
  "Town/Lab/Welcome": {
    "LocId": "Town/Lab/Welcome",
    "TextByLang": {
      "en": "Welcome to the laboratory, what kind of science can we do for you today?"
    }
  },
  "Town/Lab/FreezeResult": {
    "LocId": "Town/Lab/FreezeResult",
    "TextByLang": {
      "en": "Your {species} has been frozen. They'll be safe here until you're ready to retrieve them."
    }
  },
  "Town/Lab/FreezeFail": {
    "LocId": "Town/Lab/FreezeFail",
    "TextByLang": {
      "en": "It doesn't looks like you have a cryptid in your corral. I can't freeze nothing."
    }
  },
  "Town/Lab/ThawPrompt": {
    "LocId": "Town/Lab/ThawPrompt",
    "TextByLang": {
      "en": "Select one of your frozen cryptids to thaw back out."
    }
  },
  "Town/Lab/ThawResult": {
    "LocId": "Town/Lab/ThawResult",
    "TextByLang": {
      "en": "Your {species} has been thawed. I'll send them on down to the corral for you."
    }
  },
  "Town/Lab/ThawFail": {
    "LocId": "Town/Lab/ThawFail",
    "TextByLang": {
      "en": "Doesn't looks like there's enough room at your corral to thaw out a cryptid, you'll have to freeze your companion to make room."
    }
  },
  "Town/Lab/RetirePrompt": {
    "LocId": "Town/Lab/RetirePrompt",
    "TextByLang": {
      "en": "The conversion process is irreversible, are you really sure you want to do this?"
    }
  },
  "Town/Lab/RetireFail": {
    "LocId": "Town/Lab/RetireFail",
    "TextByLang": {
      "en": "There's no cryptid in your corral, what are you trying to do here?"
    }
  },
  "Town/Lab/RetireResult": {
    "LocId": "Town/Lab/RetireResult",
    "TextByLang": {
      "en": "Your cryptid's been converted into a DNA sample. Don't worry, they'll live on in the future generations of fused cryptids you make."
    }
  },
  "Town/Lab/FusePrompt1": {
    "LocId": "Town/Lab/FusePrompt1",
    "TextByLang": {
      "en": "By fusing two DNA samples from retired cryptids you can create a new, more powerful one. Select a DNA sample to begin the fusion."
    }
  },
  "Town/Lab/FusePrompt2": {
    "LocId": "Town/Lab/FusePrompt2",
    "TextByLang": {
      "en": "Select a second DNA sample for the fusion."
    }
  },
  "Town/Lab/FuseResult": {
    "LocId": "Town/Lab/FuseResult",
    "TextByLang": {
      "en": "Your fusion resulted in a brand new {species}, how interesting. I'll send it along to the corral for you."
    }
  },
  "Town/Lab/FuseFailCorralFull": {
    "LocId": "Town/Lab/FuseFailCorralFull",
    "TextByLang": {
      "en": "You could perform a fusion, but there's no room on your corral for your new companion."
    }
  },
  "Town/Lab/FuseFailTooFewSamples": {
    "LocId": "Town/Lab/FuseFailTooFewSamples",
    "TextByLang": {
      "en": "You need at least two cryptid DNA samples to perform a fusion, but it doesn't look like you have enough."
    }
  },
  "Coliseum/Welcome": {
    "LocId": "Coliseum/Welcome",
    "TextByLang": {
      "en": "Hey there, we've got some tough opponents in the fight today. Take your pick and we'll see how tough your little cryptid is."
    }
  },
  "Coliseum/NoCryptid": {
    "LocId": "Coliseum/NoCryptid",
    "TextByLang": {
      "en": "We've got some tough opponents today, but I wouldn't recommend fighting any of them by yourself. Come back when you have a cryptid by your side."
    }
  },
  "Coliseum/NoHealthCryptid": {
    "LocId": "Coliseum/NoHealthCryptid",
    "TextByLang": {
      "en": "Your cryptid doesn't look healthy enough to fight today, you'll have to wait until next week."
    }
  },
  "Coliseum/Victory": {
    "LocId": "Coliseum/Victory",
    "TextByLang": {
      "en": "Wow what a fight, the crowd will be craving more of that soon! (Renown +{renown})"
    }
  },
  "Coliseum/Defeat": {
    "LocId": "Coliseum/Defeat",
    "TextByLang": {
      "en": "Oof! Your little guy took a beating out there, what an upset! But every failure is a chance to learn. (Renown +{renown})"
    }
  },
  "Location/Corral": {
    "LocId": "Location/Corral",
    "TextByLang": {
      "en": "Corral"
    }
  },
  "Location/Town": {
    "LocId": "Location/Town",
    "TextByLang": {
      "en": "Town"
    }
  },
  "Location/Town/Market": {
    "LocId": "Location/Town/Market",
    "TextByLang": {
      "en": "Market"
    }
  },
  "Location/Town/Laboratory": {
    "LocId": "Location/Town/Laboratory",
    "TextByLang": {
      "en": "Market"
    }
  },
  "Location/Town/Nursery": {
    "LocId": "Location/Town/Nursery",
    "TextByLang": {
      "en": "Nursery"
    }
  },
  "Location/Coliseum": {
    "LocId": "Location/Coliseum",
    "TextByLang": {
      "en": "Town"
    }
  },
  "Button/Play": {
    "LocId": "Button/Play",
    "TextByLang": {
      "en": "Play"
    }
  },
  "Button/Next": {
    "LocId": "Button/Next",
    "TextByLang": {
      "en": "Next"
    }
  },
  "Button/Okay": {
    "LocId": "Button/Okay",
    "TextByLang": {
      "en": "Okay"
    }
  },
  "Button/Back": {
    "LocId": "Button/Back",
    "TextByLang": {
      "en": "Back"
    }
  },
  "Button/Cancel": {
    "LocId": "Button/Cancel",
    "TextByLang": {
      "en": "Cancel"
    }
  },
  "Button/Confirm": {
    "LocId": "Button/Confirm",
    "TextByLang": {
      "en": "Confirm"
    }
  },
  "Button/Train": {
    "LocId": "Button/Train",
    "TextByLang": {
      "en": "Train"
    }
  },
  "Button/ToTown": {
    "LocId": "Button/ToTown",
    "TextByLang": {
      "en": "To Town"
    }
  },
  "Button/ToColiseum": {
    "LocId": "Button/ToColiseum",
    "TextByLang": {
      "en": "To Coliseum"
    }
  },
  "Button/Rest": {
    "LocId": "Button/Rest",
    "TextByLang": {
      "en": "Rest"
    }
  },
  "Button/Fuse": {
    "LocId": "Button/Fuse",
    "TextByLang": {
      "en": "Fuse"
    }
  },
  "Button/Buy": {
    "LocId": "Button/Buy",
    "TextByLang": {
      "en": "Buy"
    }
  },
  "Button/Sell": {
    "LocId": "Button/Sell",
    "TextByLang": {
      "en": "Sell"
    }
  },
  "Button/AllDone": {
    "LocId": "Button/AllDone",
    "TextByLang": {
      "en": "All Done"
    }
  },
  "Button/Adopt": {
    "LocId": "Button/Adopt",
    "TextByLang": {
      "en": "Adopt"
    }
  },
  "Button/GoHome": {
    "LocId": "Button/GoHome",
    "TextByLang": {
      "en": "Go Home"
    }
  },
  "Button/EndDay": {
    "LocId": "Button/EndDay",
    "TextByLang": {
      "en": "End Day"
    }
  },
  "Button/Freeze": {
    "LocId": "Button/Freeze",
    "TextByLang": {
      "en": "Freeze"
    }
  },
  "Button/Thaw": {
    "LocId": "Button/Thaw",
    "TextByLang": {
      "en": "Thaw"
    }
  },
  "Button/Retire": {
    "LocId": "Button/Retire",
    "TextByLang": {
      "en": "Retire"
    }
  },
  "Button/Exit": {
    "LocId": "Button/Exit",
    "TextByLang": {
      "en": "Exit"
    }
  },
  "Button/Market": {
    "LocId": "Button/Market",
    "TextByLang": {
      "en": "Market"
    }
  },
  "Button/Laboratory": {
    "LocId": "Button/Laboratory",
    "TextByLang": {
      "en": "Laboratory"
    }
  },
  "Button/Nursery": {
    "LocId": "Button/Nursery",
    "TextByLang": {
      "en": "Nursery"
    }
  },
  "Tooltip/TrainingBonus": {
    "LocId": "Tooltip/TrainingBonus",
    "TextByLang": {
      "en": "Training Bonus"
    }
  },
  "Tooltip/TrainingMultiplier": {
    "LocId": "Tooltip/TrainingMultiplier",
    "TextByLang": {
      "en": "Training Multiplier"
    }
  },
  "Tooltip/TrainingNoBonus": {
    "LocId": "Tooltip/TrainingNoBonus",
    "TextByLang": {
      "en": "No Training Bonus"
    }
  },
  "Cryptid/00": {
    "LocId": "Cryptid/00",
    "TextByLang": {
      "en": "Orpus"
    }
  },
  "Cryptid/01": {
    "LocId": "Cryptid/01",
    "TextByLang": {
      "en": "Chippin"
    }
  },
  "Cryptid/02": {
    "LocId": "Cryptid/02",
    "TextByLang": {
      "en": "Blep"
    }
  },
  "Cryptid/03": {
    "LocId": "Cryptid/03",
    "TextByLang": {
      "en": "Turfle"
    }
  },
  "Cryptid/04": {
    "LocId": "Cryptid/04",
    "TextByLang": {
      "en": "Aeee"
    }
  },
  "Cryptid/05": {
    "LocId": "Cryptid/05",
    "TextByLang": {
      "en": "Owl"
    }
  },
  "Cryptid/06": {
    "LocId": "Cryptid/06",
    "TextByLang": {
      "en": "Gront"
    }
  },
  "Cryptid/07": {
    "LocId": "Cryptid/07",
    "TextByLang": {
      "en": "Sprid"
    }
  },
  "Cryptid/08": {
    "LocId": "Cryptid/08",
    "TextByLang": {
      "en": "Durdol"
    }
  },
  "Cryptid/09": {
    "LocId": "Cryptid/09",
    "TextByLang": {
      "en": "Leerch"
    }
  },
  "Cryptid/10": {
    "LocId": "Cryptid/10",
    "TextByLang": {
      "en": "Battak"
    }
  },
  "Cryptid/11": {
    "LocId": "Cryptid/11",
    "TextByLang": {
      "en": "Bri'an"
    }
  },
  "Cryptid/12": {
    "LocId": "Cryptid/12",
    "TextByLang": {
      "en": "Hodge"
    }
  },
  "Cryptid/13": {
    "LocId": "Cryptid/13",
    "TextByLang": {
      "en": "Snorph"
    }
  },
  "Cryptid/14": {
    "LocId": "Cryptid/14",
    "TextByLang": {
      "en": "Strider"
    }
  },
  "Cryptid/15": {
    "LocId": "Cryptid/15",
    "TextByLang": {
      "en": "Molly"
    }
  },
  "Cryptid/16": {
    "LocId": "Cryptid/16",
    "TextByLang": {
      "en": "Kreech"
    }
  },
  "Cryptid/17": {
    "LocId": "Cryptid/17",
    "TextByLang": {
      "en": "Ravi"
    }
  },
  "Cryptid/18": {
    "LocId": "Cryptid/18",
    "TextByLang": {
      "en": "Bepebe"
    }
  },
  "Cryptid/19": {
    "LocId": "Cryptid/19",
    "TextByLang": {
      "en": "Elman"
    }
  },
  "Cryptid/20": {
    "LocId": "Cryptid/20",
    "TextByLang": {
      "en": "Eynop"
    }
  },
  "Cryptid/21": {
    "LocId": "Cryptid/21",
    "TextByLang": {
      "en": "Fluttre"
    }
  },
  "Cryptid/22": {
    "LocId": "Cryptid/22",
    "TextByLang": {
      "en": "Shelder"
    }
  },
  "Cryptid/23": {
    "LocId": "Cryptid/23",
    "TextByLang": {
      "en": "Chamelo"
    }
  },
  "Cryptid/24": {
    "LocId": "Cryptid/24",
    "TextByLang": {
      "en": "Scyrab"
    }
  },
  "Cryptid/25": {
    "LocId": "Cryptid/25",
    "TextByLang": {
      "en": "Domomon"
    }
  },
  "Cryptid/26": {
    "LocId": "Cryptid/26",
    "TextByLang": {
      "en": "Blech"
    }
  },
  "Cryptid/27": {
    "LocId": "Cryptid/27",
    "TextByLang": {
      "en": "Slidler"
    }
  },
  "Cryptid/28": {
    "LocId": "Cryptid/28",
    "TextByLang": {
      "en": "Skorpix"
    }
  },
  "Cryptid/29": {
    "LocId": "Cryptid/29",
    "TextByLang": {
      "en": "Fungeoni"
    }
  },
  "Cryptid/30": {
    "LocId": "Cryptid/30",
    "TextByLang": {
      "en": "Screamdee"
    }
  },
  "Cryptid/31": {
    "LocId": "Cryptid/31",
    "TextByLang": {
      "en": "Oxon"
    }
  },
  "Cryptid/32": {
    "LocId": "Cryptid/32",
    "TextByLang": {
      "en": "Q'ik Ik"
    }
  },
  "Cryptid/33": {
    "LocId": "Cryptid/33",
    "TextByLang": {
      "en": "Laliana"
    }
  },
  "Cryptid/34": {
    "LocId": "Cryptid/34",
    "TextByLang": {
      "en": "Bercha"
    }
  },
  "Cryptid/35": {
    "LocId": "Cryptid/35",
    "TextByLang": {
      "en": "Goblii"
    }
  },
  "Cryptid/36": {
    "LocId": "Cryptid/36",
    "TextByLang": {
      "en": "Slumbero"
    }
  },
  "Cryptid/37": {
    "LocId": "Cryptid/37",
    "TextByLang": {
      "en": "Bathul"
    }
  },
  "Cryptid/38": {
    "LocId": "Cryptid/38",
    "TextByLang": {
      "en": "Lobtobsa"
    }
  },
  "Cryptid/39": {
    "LocId": "Cryptid/39",
    "TextByLang": {
      "en": "Gary"
    }
  },
  "Cryptid/40": {
    "LocId": "Cryptid/40",
    "TextByLang": {
      "en": "Derp"
    }
  },
  "Cryptid/41": {
    "LocId": "Cryptid/41",
    "TextByLang": {
      "en": "Frankly"
    }
  },
  "Cryptid/42": {
    "LocId": "Cryptid/42",
    "TextByLang": {
      "en": "Snalem"
    }
  },
  "Cryptid/43": {
    "LocId": "Cryptid/43",
    "TextByLang": {
      "en": "Raventa"
    }
  },
  "Cryptid/44": {
    "LocId": "Cryptid/44",
    "TextByLang": {
      "en": "Squiddan"
    }
  },
  "Cryptid/45": {
    "LocId": "Cryptid/45",
    "TextByLang": {
      "en": "Mowglom"
    }
  },
  "Cryptid/46": {
    "LocId": "Cryptid/46",
    "TextByLang": {
      "en": "Greacher"
    }
  },
  "Cryptid/47": {
    "LocId": "Cryptid/47",
    "TextByLang": {
      "en": "Monkiki"
    }
  },
  "Cryptid/48": {
    "LocId": "Cryptid/48",
    "TextByLang": {
      "en": "Moldovar"
    }
  },
  "Cryptid/49": {
    "LocId": "Cryptid/49",
    "TextByLang": {
      "en": "Jawmjaw"
    }
  },
  "Cryptid/50": {
    "LocId": "Cryptid/50",
    "TextByLang": {
      "en": "Seabrine"
    }
  },
  "Cryptid/51": {
    "LocId": "Cryptid/51",
    "TextByLang": {
      "en": "Siltner"
    }
  },
  "Cryptid/52": {
    "LocId": "Cryptid/52",
    "TextByLang": {
      "en": "Snekesnek"
    }
  },
  "Cryptid/53": {
    "LocId": "Cryptid/53",
    "TextByLang": {
      "en": "Borborigga"
    }
  },
  "Cryptid/54": {
    "LocId": "Cryptid/54",
    "TextByLang": {
      "en": "Spinedor"
    }
  },
  "Cryptid/55": {
    "LocId": "Cryptid/55",
    "TextByLang": {
      "en": "Stitch"
    }
  },
  "Cryptid/56": {
    "LocId": "Cryptid/56",
    "TextByLang": {
      "en": "Rastafrog"
    }
  },
  "Cryptid/57": {
    "LocId": "Cryptid/57",
    "TextByLang": {
      "en": "Aishavit"
    }
  },
  "Cryptid/58": {
    "LocId": "Cryptid/58",
    "TextByLang": {
      "en": "Fluttony"
    }
  },
  "Cryptid/59": {
    "LocId": "Cryptid/59",
    "TextByLang": {
      "en": "Larvello"
    }
  },
  "Cryptid/60": {
    "LocId": "Cryptid/60",
    "TextByLang": {
      "en": "Asblasta"
    }
  },
  "Cryptid/61": {
    "LocId": "Cryptid/61",
    "TextByLang": {
      "en": "D'omdapunch"
    }
  },
  "Cryptid/62": {
    "LocId": "Cryptid/62",
    "TextByLang": {
      "en": "Mibaby"
    }
  },
  "Cryptid/63": {
    "LocId": "Cryptid/63",
    "TextByLang": {
      "en": "Lemurrne"
    }
  },
  "Cryptid/64": {
    "LocId": "Cryptid/64",
    "TextByLang": {
      "en": "Beholdus"
    }
  },
  "Cryptid/65": {
    "LocId": "Cryptid/65",
    "TextByLang": {
      "en": "Listika"
    }
  },
  "Cryptid/66": {
    "LocId": "Cryptid/66",
    "TextByLang": {
      "en": "Angler"
    }
  },
  "Cryptid/67": {
    "LocId": "Cryptid/67",
    "TextByLang": {
      "en": "Borkin"
    }
  },
  "Cryptid/68": {
    "LocId": "Cryptid/68",
    "TextByLang": {
      "en": "Linus"
    }
  },
  "Cryptid/69": {
    "LocId": "Cryptid/69",
    "TextByLang": {
      "en": "Scornorus"
    }
  },
  "Cryptid/70": {
    "LocId": "Cryptid/70",
    "TextByLang": {
      "en": "Elderbon"
    }
  },
  "Cryptid/71": {
    "LocId": "Cryptid/71",
    "TextByLang": {
      "en": "Fiddler"
    }
  },
  "Cryptid/72": {
    "LocId": "Cryptid/72",
    "TextByLang": {
      "en": "Spidin"
    }
  },
  "Cryptid/73": {
    "LocId": "Cryptid/73",
    "TextByLang": {
      "en": "Jelle"
    }
  },
  "Cryptid/74": {
    "LocId": "Cryptid/74",
    "TextByLang": {
      "en": "Snopdor"
    }
  },
  "Cryptid/75": {
    "LocId": "Cryptid/75",
    "TextByLang": {
      "en": "Chikbobo"
    }
  },
  "Cryptid/76": {
    "LocId": "Cryptid/76",
    "TextByLang": {
      "en": "Cacti"
    }
  },
  "Cryptid/77": {
    "LocId": "Cryptid/77",
    "TextByLang": {
      "en": "Xelmas"
    }
  },
  "Cryptid/78": {
    "LocId": "Cryptid/78",
    "TextByLang": {
      "en": "Browdin"
    }
  },
  "Cryptid/79": {
    "LocId": "Cryptid/79",
    "TextByLang": {
      "en": "Botflid"
    }
  },
  "Cryptid/80": {
    "LocId": "Cryptid/80",
    "TextByLang": {
      "en": "Quidless"
    }
  },
  "Cryptid/81": {
    "LocId": "Cryptid/81",
    "TextByLang": {
      "en": "Mossgo"
    }
  },
  "Cryptid/82": {
    "LocId": "Cryptid/82",
    "TextByLang": {
      "en": "Tortoisse"
    }
  },
  "Cryptid/83": {
    "LocId": "Cryptid/83",
    "TextByLang": {
      "en": "Carl"
    }
  },
  "Cryptid/84": {
    "LocId": "Cryptid/84",
    "TextByLang": {
      "en": "Cryptos"
    }
  },
  "Cryptid/85": {
    "LocId": "Cryptid/85",
    "TextByLang": {
      "en": "Piglin"
    }
  },
  "Cryptid/86": {
    "LocId": "Cryptid/86",
    "TextByLang": {
      "en": "Cheepche"
    }
  },
  "Cryptid/87": {
    "LocId": "Cryptid/87",
    "TextByLang": {
      "en": "Lovcraf"
    }
  },
  "Cryptid/88": {
    "LocId": "Cryptid/88",
    "TextByLang": {
      "en": "Cthuck"
    }
  },
  "Cryptid/89": {
    "LocId": "Cryptid/89",
    "TextByLang": {
      "en": "Dryang"
    }
  },
  "Cryptid/90": {
    "LocId": "Cryptid/90",
    "TextByLang": {
      "en": "Shardog"
    }
  },
  "Cryptid/91": {
    "LocId": "Cryptid/91",
    "TextByLang": {
      "en": "Squirren"
    }
  },
  "Cryptid/92": {
    "LocId": "Cryptid/92",
    "TextByLang": {
      "en": "Slymeo"
    }
  },
  "Cryptid/93": {
    "LocId": "Cryptid/93",
    "TextByLang": {
      "en": "Suckler"
    }
  },
  "Cryptid/94": {
    "LocId": "Cryptid/94",
    "TextByLang": {
      "en": "Roldy"
    }
  },
  "Cryptid/95": {
    "LocId": "Cryptid/95",
    "TextByLang": {
      "en": "Poldy"
    }
  },
  "Cryptid/96": {
    "LocId": "Cryptid/96",
    "TextByLang": {
      "en": "Moter"
    }
  },
  "Cryptid/97": {
    "LocId": "Cryptid/97",
    "TextByLang": {
      "en": "Slizem"
    }
  },
  "Cryptid/98": {
    "LocId": "Cryptid/98",
    "TextByLang": {
      "en": "Likatog"
    }
  },
  "Cryptid/99": {
    "LocId": "Cryptid/99",
    "TextByLang": {
      "en": "Logger"
    }
  },
  "Color/Nil": {
    "LocId": "Color/Nil",
    "TextByLang": {
      "en": "Default"
    }
  },
  "Color/Red": {
    "LocId": "Color/Red",
    "TextByLang": {
      "en": "Red"
    }
  },
  "Color/Green": {
    "LocId": "Color/Green",
    "TextByLang": {
      "en": "Green"
    }
  },
  "Color/Blue": {
    "LocId": "Color/Blue",
    "TextByLang": {
      "en": "Blue"
    }
  },
  "Color/Purple": {
    "LocId": "Color/Purple",
    "TextByLang": {
      "en": "Purple"
    }
  },
  "Color/Orange": {
    "LocId": "Color/Orange",
    "TextByLang": {
      "en": "Orange"
    }
  },
  "Color/White": {
    "LocId": "Color/White",
    "TextByLang": {
      "en": "White"
    }
  },
  "Color/Grey": {
    "LocId": "Color/Grey",
    "TextByLang": {
      "en": "Grey"
    }
  },
  "Color/Black": {
    "LocId": "Color/Black",
    "TextByLang": {
      "en": "Black"
    }
  },
  "Food/BasicRation": {
    "LocId": "Food/BasicRation",
    "TextByLang": {
      "en": "Ration"
    }
  },
  "Food/Meat": {
    "LocId": "Food/Meat",
    "TextByLang": {
      "en": "Meat"
    }
  },
  "Food/Dairy": {
    "LocId": "Food/Dairy",
    "TextByLang": {
      "en": "Dairy"
    }
  },
  "Food/Fish": {
    "LocId": "Food/Fish",
    "TextByLang": {
      "en": "Fish"
    }
  },
  "Food/Fruit": {
    "LocId": "Food/Fruit",
    "TextByLang": {
      "en": "Fruit"
    }
  },
  "Food/Vegetable": {
    "LocId": "Food/Vegetable",
    "TextByLang": {
      "en": "Vegetable"
    }
  },
  "Food/Grains": {
    "LocId": "Food/Grains",
    "TextByLang": {
      "en": "Grains"
    }
  },
  "Food/Treat": {
    "LocId": "Food/Treat",
    "TextByLang": {
      "en": "Treat"
    }
  },
  "Time/Morning": {
    "LocId": "Time/Morning",
    "TextByLang": {
      "en": "Morning"
    }
  },
  "Time/Day": {
    "LocId": "Time/Day",
    "TextByLang": {
      "en": "Afternoon"
    }
  },
  "Time/Evening": {
    "LocId": "Time/Evening",
    "TextByLang": {
      "en": "Evening"
    }
  },
  "Day/0": {
    "LocId": "Day/0",
    "TextByLang": {
      "en": "Monday"
    }
  },
  "Day/1": {
    "LocId": "Day/1",
    "TextByLang": {
      "en": "Tuesday"
    }
  },
  "Day/2": {
    "LocId": "Day/2",
    "TextByLang": {
      "en": "Wednesday"
    }
  },
  "Day/3": {
    "LocId": "Day/3",
    "TextByLang": {
      "en": "Thursday"
    }
  },
  "Day/4": {
    "LocId": "Day/4",
    "TextByLang": {
      "en": "Friday"
    }
  },
  "Day/5": {
    "LocId": "Day/5",
    "TextByLang": {
      "en": "Saturday"
    }
  },
  "Day/6": {
    "LocId": "Day/6",
    "TextByLang": {
      "en": "Sunday"
    }
  },
  "EPrimaryStat/Strength": {
    "LocId": "EPrimaryStat/Strength",
    "TextByLang": {
      "en": "Strength"
    }
  },
  "EPrimaryStat/Speed": {
    "LocId": "EPrimaryStat/Speed",
    "TextByLang": {
      "en": "Speed"
    }
  },
  "EPrimaryStat/Vitality": {
    "LocId": "EPrimaryStat/Vitality",
    "TextByLang": {
      "en": "Vitality"
    }
  },
  "EPrimaryStat/Smarts": {
    "LocId": "EPrimaryStat/Smarts",
    "TextByLang": {
      "en": "Smarts"
    }
  },
  "EPrimaryStat/Skill": {
    "LocId": "EPrimaryStat/Skill",
    "TextByLang": {
      "en": "Skill"
    }
  },
  "EPrimaryStat/Luck": {
    "LocId": "EPrimaryStat/Luck",
    "TextByLang": {
      "en": "Luck"
    }
  },
  "ESecondaryStat/Health": {
    "LocId": "ESecondaryStat/Health",
    "TextByLang": {
      "en": "Health"
    }
  },
  "ESecondaryStat/Renown": {
    "LocId": "ESecondaryStat/Renown",
    "TextByLang": {
      "en": "Renown"
    }
  },
  "ESecondaryStat/Stamina": {
    "LocId": "ESecondaryStat/Stamina",
    "TextByLang": {
      "en": "Stamina"
    }
  },
  "EHiddenStat/Morale": {
    "LocId": "EHiddenStat/Morale",
    "TextByLang": {
      "en": "Morale"
    }
  },
  "EHiddenStat/Lifespan": {
    "LocId": "EHiddenStat/Lifespan",
    "TextByLang": {
      "en": "Lifespan"
    }
  },
  "Stat/Age": {
    "LocId": "Stat/Age",
    "TextByLang": {
      "en": "Age"
    }
  },
  "Training/Sprints": {
    "LocId": "Training/Sprints",
    "TextByLang": {
      "en": "Sprints"
    }
  },
  "Training/Lifting": {
    "LocId": "Training/Lifting",
    "TextByLang": {
      "en": "Lifting"
    }
  },
  "Training/Swimming": {
    "LocId": "Training/Swimming",
    "TextByLang": {
      "en": "Swimming"
    }
  },
  "Training/Reading": {
    "LocId": "Training/Reading",
    "TextByLang": {
      "en": "Reading"
    }
  },
  "Training/MagicTricks": {
    "LocId": "Training/MagicTricks",
    "TextByLang": {
      "en": "Magic Tricks"
    }
  },
  "Training/Cleaning": {
    "LocId": "Training/Cleaning",
    "TextByLang": {
      "en": "Cleaning"
    }
  },
  "Training/Sparring": {
    "LocId": "Training/Sparring",
    "TextByLang": {
      "en": "Sparring"
    }
  }
}