﻿{
  "Points": [
    //{      "Value": "Cryptid00",      "Weight": 10    },
    //{      "Value": "Cryptid01",      "Weight": 10    },
    //{      "Value": "Cryptid02",      "Weight": 10    },
    //{      "Value": "Cryptid03",      "Weight": 10    },
    //{      "Value": "Cryptid04",      "Weight": 20    },
    //{      "Value": "Cryptid05",      "Weight": 10    },
    //{      "Value": "Cryptid06",      "Weight": 10    },
    //{      "Value": "Cryptid07",      "Weight": 20    },
    //{      "Value": "Cryptid08",      "Weight": 5    },
    //{      "Value": "Cryptid09",      "Weight": 10    },
    //{      "Value": "Cryptid10",      "Weight": 10    },
    //{      "Value": "Cryptid11",      "Weight": 20    },
    //{      "Value": "Cryptid12",      "Weight": 10    },
    //{      "Value": "Cryptid13",      "Weight": 10    },
    //{      "Value": "Cryptid14",      "Weight": 10    },
    //{      "Value": "Cryptid15",      "Weight": 10    },
    //{      "Value": "Cryptid16",      "Weight": 10    },
    //{      "Value": "Cryptid17",      "Weight": 20    },
    //{      "Value": "Cryptid18",      "Weight": 10    },
    //{      "Value": "Cryptid19",      "Weight": 5    },
    //{      "Value": "Cryptid20",      "Weight": 10    },
    //{      "Value": "Cryptid21",      "Weight": 10    },
    //{      "Value": "Cryptid22",      "Weight": 10    },
    //{      "Value": "Cryptid23",      "Weight": 10    },
    //{      "Value": "Cryptid24",      "Weight": 20    },
    //{      "Value": "Cryptid25",      "Weight": 10    },
    //{      "Value": "Cryptid26",      "Weight": 10    },
    //{      "Value": "Cryptid27",      "Weight": 30    },
    //{      "Value": "Cryptid28",      "Weight": 10    },
    //{      "Value": "Cryptid29",      "Weight": 10    },
    //{      "Value": "Cryptid30",      "Weight": 10    },
    //{      "Value": "Cryptid31",      "Weight": 10    },
    //{      "Value": "Cryptid32",      "Weight": 10    },
    //{      "Value": "Cryptid33",      "Weight": 10    },
    //{      "Value": "Cryptid34",      "Weight": 5    },
    //{      "Value": "Cryptid35",      "Weight": 10    },
    //{      "Value": "Cryptid36",      "Weight": 10    },
    //{      "Value": "Cryptid37",      "Weight": 10    },
    //{      "Value": "Cryptid38",      "Weight": 10    },
    //{      "Value": "Cryptid39",      "Weight": 10    },
    //{      "Value": "Cryptid40",      "Weight": 10    },
    //{      "Value": "Cryptid41",      "Weight": 10    },
    //{      "Value": "Cryptid42",      "Weight": 10    },
    //{      "Value": "Cryptid43",      "Weight": 20    },
    //{      "Value": "Cryptid44",      "Weight": 10    },
    //{      "Value": "Cryptid45",      "Weight": 5    },
    //{      "Value": "Cryptid46",      "Weight": 10    },
    //{      "Value": "Cryptid47",      "Weight": 2    },
    //{      "Value": "Cryptid48",      "Weight": 2    },
    //{      "Value": "Cryptid49",      "Weight": 10    },
    //{      "Value": "Cryptid50",      "Weight": 10    },
    //{      "Value": "Cryptid51",      "Weight": 10    },
    //{      "Value": "Cryptid52",      "Weight": 10    },
    //{      "Value": "Cryptid53",      "Weight": 10    },
    //{      "Value": "Cryptid54",      "Weight": 10    },
    //{      "Value": "Cryptid55",      "Weight": 10    },
    //{      "Value": "Cryptid56",      "Weight": 10    },
    //{      "Value": "Cryptid57",      "Weight": 10    },
    //{      "Value": "Cryptid58",      "Weight": 10    },
    //{      "Value": "Cryptid59",      "Weight": 10    },
    //{      "Value": "Cryptid60",      "Weight": 20    },
    //{      "Value": "Cryptid61",      "Weight": 5    },
    //{      "Value": "Cryptid62",      "Weight": 20    },
    //{      "Value": "Cryptid63",      "Weight": 10    },
    //{      "Value": "Cryptid64",      "Weight": 1    },
    //{      "Value": "Cryptid65",      "Weight": 10    },
    //{      "Value": "Cryptid66",      "Weight": 2    },
    {      "Value": "Cryptid67",      "Weight": 20    },
    //{      "Value": "Cryptid68",      "Weight": 10    },
    //{      "Value": "Cryptid69",      "Weight": 10    },
    //{      "Value": "Cryptid70",      "Weight": 10    },
    //{      "Value": "Cryptid71",      "Weight": 10    },
    //{      "Value": "Cryptid72",      "Weight": 10    },
    //{      "Value": "Cryptid73",      "Weight": 10    },
    //{      "Value": "Cryptid74",      "Weight": 10    },
    //{      "Value": "Cryptid75",      "Weight": 10    },
    //{      "Value": "Cryptid76",      "Weight": 10    },
    //{      "Value": "Cryptid77",      "Weight": 10    },
    //{      "Value": "Cryptid78",      "Weight": 10    },
    //{      "Value": "Cryptid79",      "Weight": 5    },
    //{      "Value": "Cryptid80",      "Weight": 1    },
    //{      "Value": "Cryptid81",      "Weight": 10    },
    //{      "Value": "Cryptid82",      "Weight": 5    },
    //{      "Value": "Cryptid83",      "Weight": 10    },
    //{      "Value": "Cryptid84",      "Weight": 10    },
    //{      "Value": "Cryptid85",      "Weight": 20    },
    //{      "Value": "Cryptid86",      "Weight": 10    },
    //{      "Value": "Cryptid87",      "Weight": 10    },
    //{      "Value": "Cryptid88",      "Weight": 10    },
    //{      "Value": "Cryptid89",      "Weight": 1    },
    //{      "Value": "Cryptid90",      "Weight": 5    },
    //{      "Value": "Cryptid91",      "Weight": 10    },
    //{      "Value": "Cryptid92",      "Weight": 10    },
    //{      "Value": "Cryptid93",      "Weight": 10    },
    //{      "Value": "Cryptid94",      "Weight": 30    },
    //{      "Value": "Cryptid95",      "Weight": 30    },
    //{      "Value": "Cryptid96",      "Weight": 10    },
    //{      "Value": "Cryptid97",      "Weight": 10    },
    //{      "Value": "Cryptid98",      "Weight": 10    },
    //{      "Value": "Cryptid99",      "Weight": 10    }
  ]
}