[
    { "id": "cons_produceStall_small", "name": "Small Produce Stall", "duration": 240000, "cost": 500, "valueMultiplier": 0.75, 
        "consumedIds": [ "res_apple", "res_cherry", "res_dragon", "res_lemon", "res_peach", "res_pineapple", "res_strawberry" ]
    },
    { "id": "cons_produceStall_large", "name": "Large Produce Stall", "duration": 180000, "cost": 2500, "valueMultiplier": 1, 
        "consumedIds": [ "res_apple", "res_cherry", "res_dragon", "res_lemon", "res_peach", "res_pineapple", "res_strawberry" ]
    },
    { "id": "cons_bakery_small", "name": "Small Bakery", "duration": 180000, "cost": 1000, "valueMultiplier": 0.75, 
        "consumedIds": [ "res_pie_apple", "res_pie_cherry", "res_pie_dragon", "res_pie_lemon", "res_pie_peach", "res_pie_pineapple", "res_pie_strawberry",
                        "res_tart_dragon", "res_tart_lemon", "res_tart_lemon" ]
    },
    { "id": "cons_bakery_large", "name": "Large Bakery", "duration": 150000, "cost": 10000, "valueMultiplier": 1, 
        "consumedIds": [ "res_pie_apple", "res_pie_cherry", "res_pie_dragon", "res_pie_lemon", "res_pie_peach", "res_pie_pineapple", "res_pie_strawberry",
                        "res_tart_dragon", "res_tart_lemon", "res_tart_lemon" ]
    },
    { "id": "cons_craftStall", "name": "Craft Stall", "duration": 150000, "cost": 5000, "valueMultiplier": 1, 
        "consumedIds": [ "res_jam_apple", "res_jam_cherry", "res_jam_dragon", "res_jam_lemon", "res_jam_pineapple", "res_jam_strawberry" ]
    },
    { "id": "cons_storefront", "name": "Storefront", "duration": 120000, "cost": 25000, "valueMultiplier": 1, 
        "consumedIds": [ "res_apple", "res_cherry", "res_dragon", "res_lemon", "res_peach", "res_pineapple", "res_strawberry",
                        "res_jam_apple", "res_jam_cherry", "res_jam_dragon", "res_jam_lemon", "res_jam_pineapple", "res_jam_strawberry",
                        "res_pie_apple", "res_pie_cherry", "res_pie_dragon", "res_pie_lemon", "res_pie_peach", "res_pie_pineapple", "res_pie_strawberry",
                        "res_tart_dragon", "res_tart_lemon", "res_tart_lemon" ]
    }
]