[
    { "id": "prod_apple", "seedId": "seed_apple", "producedId": "res_apple", "duration": 120000, "name":"Apple Tree"},
    { "id": "prod_cherry", "seedId": "seed_cherry", "producedId": "res_cherry", "duration": 30000, "name":"Cherry Tree"},
    { "id": "prod_dragon", "seedId": "seed_dragon", "producedId": "res_dragon", "duration": 230000, "name":"Dragonfruit Cactus"},
    { "id": "prod_lemon", "seedId": "seed_lemon", "producedId": "res_lemon", "duration": 27500, "name":"Lemon Tree"},
    { "id": "prod_peach", "seedId": "seed_peach", "producedId": "res_peach", "duration": 120000, "name":"Peach Tree"},
    { "id": "prod_pineapple", "seedId": "seed_pineapple", "producedId": "res_pineapple", "duration": 180000, "name":"Pineapple Plant"},
    { "id": "prod_strawberry", "seedId": "seed_strawberry", "producedId": "res_strawberry", "duration": 90000, "name":"Strawberry Plant"}
]