[
    // Raw
    { "id": "res_apple", "name":"Apple", "price":30, "icon": "Resources/Apple.png"},
    { "id": "res_cherry", "name":"Cherry", "price":12, "icon": "Resources/Cherry.png"},
    { "id": "res_dragon", "name":"Dragonfruit", "price":100, "icon": "Resources/DragonFruit.png"},
    { "id": "res_lemon", "name":"Lemon", "price":10, "icon": "Resources/Lemon.png"},
    { "id": "res_peach", "name":"Peach", "price":78, "icon": "Resources/Peach.png"},
    { "id": "res_pineapple", "name":"Pineapple", "price":90, "icon": "Resources/Pineapple.png"},
    { "id": "res_strawberry", "name":"Strawberry", "price":60, "icon": "Resources/Strawberry.png"},
    // Jam
    { "id": "res_jam_apple", "name":"Apple Jelly", "price":100, "icon": "Resources/Res_Jam_Apple.png"},
    { "id": "res_jam_cherry", "name":"Cherry Jam", "price":50, "icon": "Resources/Res_Jam_Cherry.png"},
    { "id": "res_jam_dragon", "name":"Dragon Jam", "price":400, "icon": "Resources/Res_Jam_Dragon.png"},
    { "id": "res_jam_lemon", "name":"Marmalade", "price":30, "icon": "Resources/Res_Jam_Lemon.png"},
    { "id": "res_jam_pineapple", "name":"Pineapple Jelly", "price":350, "icon": "Resources/Res_Jam_Pineapple.png"},
    { "id": "res_jam_strawberry", "name":"Strawberry Jam", "price":250, "icon": "Resources/Res_Jam_Strawberry.png"},
    // Pie
    { "id": "res_pie_apple", "name":"Apple Pie", "price":125, "icon": "Resources/Res_Pie_Apple.png"},
    { "id": "res_pie_cherry", "name":"Cherry Pie", "price":60, "icon": "Resources/Res_Pie_Cherry.png"},
    { "id": "res_pie_dragon", "name":"Dragon Pie", "price":450, "icon": "Resources/Res_Pie_Dragon.png"},
    { "id": "res_pie_lemon", "name":"Lemon Pie", "price":50, "icon": "Resources/Res_Pie_Lemon.png"},
    { "id": "res_pie_peach", "name":"Peach Pie", "price":350, "icon": "Resources/Res_Pie_Peach.png"},
    { "id": "res_pie_pineapple", "name":"Pineapple Pie", "price":400, "icon": "Resources/Res_Pie_Pineapple.png"},
    { "id": "res_pie_strawberry", "name":"Strawberry Pie", "price":275, "icon": "Resources/Res_Pie_Strawberry.png"},
    // Tart
    { "id": "res_tart_dragon", "name":"Dragon Tart", "price":800, "icon": "Resources/Res_Tart_Dragon.png"},
    { "id": "res_tart_lemon", "name":"Lemon Tart", "price":100, "icon": "Resources/Res_Tart_Lemon.png"},
    { "id": "res_tart_strawberry", "name":"Strawberry Tart", "price":500, "icon": "Resources/Res_Tart_Strawberry.png"}
]