[
    { "id": "seed_apple", "name":"Apple Seed", "rarity": 10, "icon": "Resources/Apple.png"},
    { "id": "seed_cherry", "name":"Cherry Seed", "rarity": 8, "icon": "Resources/Cherry.png"},
    { "id": "seed_dragon", "name":"Dragonfruit Seed", "rarity": 2, "icon": "Resources/DragonFruit.png"},
    { "id": "seed_lemon", "name":"Lemon Seed", "rarity": 10, "icon": "Resources/Lemon.png"},
    { "id": "seed_peach", "name":"Peach Seed", "rarity": 6, "icon": "Resources/Peach.png"},
    { "id": "seed_pineapple", "name":"Pineapple Seed", "rarity": 4, "icon": "Resources/Pineapple.png"},
    { "id": "seed_strawberry", "name":"Strawberry Seed", "rarity": 8, "icon": "Resources/Strawberry.png"}
]